-- MySQL dump 10.13  Distrib 8.0.38, for Win64 (x86_64)
--
-- Host: localhost    Database: new_copy_dss
-- ------------------------------------------------------
-- Server version	8.0.39

/*!40101 SET @OLD_CHARACTER_SET_CLIENT=@@CHARACTER_SET_CLIENT */;
/*!40101 SET @OLD_CHARACTER_SET_RESULTS=@@CHARACTER_SET_RESULTS */;
/*!40101 SET @OLD_COLLATION_CONNECTION=@@COLLATION_CONNECTION */;
/*!50503 SET NAMES utf8 */;
/*!40103 SET @OLD_TIME_ZONE=@@TIME_ZONE */;
/*!40103 SET TIME_ZONE='+00:00' */;
/*!40014 SET @OLD_UNIQUE_CHECKS=@@UNIQUE_CHECKS, UNIQUE_CHECKS=0 */;
/*!40014 SET @OLD_FOREIGN_KEY_CHECKS=@@FOREIGN_KEY_CHECKS, FOREIGN_KEY_CHECKS=0 */;
/*!40101 SET @OLD_SQL_MODE=@@SQL_MODE, SQL_MODE='NO_AUTO_VALUE_ON_ZERO' */;
/*!40111 SET @OLD_SQL_NOTES=@@SQL_NOTES, SQL_NOTES=0 */;

--
-- Table structure for table `activities`
--

DROP TABLE IF EXISTS `activities`;
/*!40101 SET @saved_cs_client     = @@character_set_client */;
/*!50503 SET character_set_client = utf8mb4 */;
CREATE TABLE `activities` (
  `activity_id` int NOT NULL AUTO_INCREMENT,
  `activity_name` varchar(100) NOT NULL,
  `activity_description` text,
  `createdAt` datetime NOT NULL DEFAULT CURRENT_TIMESTAMP,
  `updatedAt` datetime NOT NULL DEFAULT CURRENT_TIMESTAMP ON UPDATE CURRENT_TIMESTAMP,
  PRIMARY KEY (`activity_id`),
  UNIQUE KEY `activity_name` (`activity_name`)
) ENGINE=InnoDB AUTO_INCREMENT=45 DEFAULT CHARSET=utf8mb4 COLLATE=utf8mb4_0900_ai_ci;
/*!40101 SET character_set_client = @saved_cs_client */;

--
-- Dumping data for table `activities`
--

LOCK TABLES `activities` WRITE;
/*!40000 ALTER TABLE `activities` DISABLE KEYS */;
INSERT INTO `activities` VALUES (1,'Swimming','Enjoy swimming at beaches, lakes, or pools','2025-10-03 02:00:53','2025-10-03 02:00:53'),(2,'Surfing','Ride the waves with surfboards or bodyboards','2025-10-03 02:00:53','2025-10-03 02:00:53'),(3,'Seafood Tasting','Try local fresh seafood dishes','2025-10-03 02:00:53','2025-10-03 02:00:53'),(4,'Sightseeing','Explore landmarks and famous attractions','2025-10-03 02:00:53','2025-10-03 02:00:53'),(5,'Shopping','Visit local markets and shops for souvenirs','2025-10-03 02:00:53','2025-10-03 02:00:53'),(6,'Nightlife','Experience bars, clubs, and evening entertainment','2025-10-03 02:00:53','2025-10-03 02:00:53'),(7,'Museum Visit','Learn history and culture through museums','2025-10-03 02:00:53','2025-10-03 02:00:53'),(8,'Coffee Tasting','Sample local coffee and café culture','2025-10-03 02:00:53','2025-10-03 02:00:53'),(9,'Flower Viewing','Enjoy flower gardens and parks','2025-10-03 02:00:53','2025-10-03 02:00:53'),(10,'Trekking','Hike trails and explore mountains','2025-10-03 02:00:53','2025-10-03 02:00:53'),(11,'Cultural Exchange','Meet and learn from local ethnic communities','2025-10-03 02:00:53','2025-10-03 02:00:53'),(12,'Photography','Capture scenic landscapes and cultural life','2025-10-03 02:00:53','2025-10-03 02:00:53'),(13,'Temple Visit','Explore temples and spiritual landmarks','2025-10-03 02:00:53','2025-10-03 02:00:53'),(14,'Cycling','Ride bicycles through scenic routes','2025-10-03 02:00:53','2025-10-03 02:00:53'),(15,'Boat Tour','Guided boat tours on rivers or bays','2025-10-03 02:00:53','2025-10-03 02:00:53'),(16,'Floating Market Visit','Visit and shop at floating markets','2025-10-03 02:00:53','2025-10-03 02:00:53'),(17,'Temple Ceremony','Attend local temple ceremonies and rituals','2025-10-03 02:00:53','2025-10-03 02:00:53'),(18,'Angkor Sunrise Visit','Sunrise visit to Angkor Wat and surrounding temples','2025-10-03 02:00:53','2025-10-03 02:00:53'),(19,'Night Market Stroll','Explore evening markets and street food','2025-10-03 02:00:53','2025-10-03 02:00:53'),(20,'River Cruise','Dinner or sightseeing cruise on rivers','2025-10-03 02:00:53','2025-10-03 02:00:53'),(21,'Beach Relaxation','Lay on beaches and relax','2025-10-03 02:00:53','2025-10-03 02:00:53'),(22,'Scuba Diving','Diving and snorkeling activities','2025-10-03 02:00:53','2025-10-03 02:00:53'),(23,'Island Hopping','Short boat trips between islands','2025-10-03 02:00:53','2025-10-03 02:00:53'),(24,'Cultural Performance','Watch traditional dance/music performances','2025-10-03 02:00:53','2025-10-03 02:00:53'),(25,'Snorkeling','Swim and observe coral reefs, fish and shallow marine life','2025-10-03 02:00:53','2025-10-03 02:00:53'),(26,'Sunbathing','Relaxing on the beach and sun exposure','2025-10-03 02:00:53','2025-10-03 02:00:53'),(27,'Boat Party','Group boat events with music and drinks','2025-10-03 02:00:53','2025-10-03 02:00:53'),(28,'Dolphin Watching','Boat trips to observe wild dolphins','2025-10-03 02:00:53','2025-10-03 02:00:53'),(29,'Kite Surfing','Riding a board while pulled by a kite over the water','2025-10-03 02:00:53','2025-10-03 02:00:53'),(30,'Beach Volleyball','Organized beach volleyball matches','2025-10-03 02:00:53','2025-10-03 02:00:53'),(31,'Fishing','Recreational or sport fishing trips','2025-10-03 02:00:53','2025-10-03 02:00:53'),(32,'Sunset Cruise','Evening cruises to watch the sunset','2025-10-03 02:00:53','2025-10-03 02:00:53'),(33,'Whale Watching','Boat excursions to observe whales','2025-10-03 02:00:53','2025-10-03 02:00:53'),(34,'Coral Tour','Guided educational tours focused on coral and reef conservation','2025-10-03 02:00:53','2025-10-03 02:00:53'),(35,'Skiing','Downhill skiing activities on snowy slopes','2025-10-03 02:00:53','2025-10-03 02:00:53'),(36,'Snowboarding','Snowboarding adventures in mountainous regions','2025-10-03 02:00:53','2025-10-03 02:00:53'),(37,'Paragliding','Soaring above landscapes with parachutes','2025-10-03 02:00:53','2025-10-03 02:00:53'),(38,'Hiking','Mountain and forest hiking trails','2025-10-03 02:00:53','2025-10-03 02:00:53'),(39,'Kayaking','Kayaking on rivers and lakes','2025-10-03 02:00:53','2025-10-03 02:00:53'),(40,'Rock Climbing','Rock climbing experiences on natural cliffs','2025-10-03 02:00:53','2025-10-03 02:00:53'),(41,'Camping','Overnight stays in tents in nature','2025-10-03 02:00:53','2025-10-03 02:00:53'),(42,'Wildlife Watching','Observing local animals in their natural habitat','2025-10-03 02:00:53','2025-10-03 02:00:53'),(43,'Horseback Riding','Exploring trails and valleys on horseback','2025-10-03 02:00:53','2025-10-03 02:00:53'),(44,'Hot Air Balloon Ride','Aerial views of valleys and landscapes','2025-10-03 02:00:53','2025-10-03 02:00:53');
/*!40000 ALTER TABLE `activities` ENABLE KEYS */;
UNLOCK TABLES;

--
-- Table structure for table `hotels`
--

DROP TABLE IF EXISTS `hotels`;
/*!40101 SET @saved_cs_client     = @@character_set_client */;
/*!50503 SET character_set_client = utf8mb4 */;
CREATE TABLE `hotels` (
  `hotel_id` int NOT NULL AUTO_INCREMENT,
  `place_id` int NOT NULL,
  `hotel_name` varchar(150) NOT NULL,
  `address` varchar(255) DEFAULT NULL,
  `star_rating` int DEFAULT NULL,
  `price_range` varchar(10) DEFAULT NULL,
  `contact_info` varchar(100) DEFAULT NULL,
  `hotel_description` text,
  `hotel_img` varchar(255) DEFAULT NULL,
  `createdAt` datetime NOT NULL DEFAULT CURRENT_TIMESTAMP,
  `updatedAt` datetime NOT NULL DEFAULT CURRENT_TIMESTAMP ON UPDATE CURRENT_TIMESTAMP,
  PRIMARY KEY (`hotel_id`),
  KEY `place_id` (`place_id`),
  CONSTRAINT `hotels_ibfk_1` FOREIGN KEY (`place_id`) REFERENCES `places` (`place_id`) ON DELETE CASCADE,
  CONSTRAINT `hotels_chk_1` CHECK ((`star_rating` between 1 and 5))
) ENGINE=InnoDB AUTO_INCREMENT=98 DEFAULT CHARSET=utf8mb4 COLLATE=utf8mb4_0900_ai_ci;
/*!40101 SET character_set_client = @saved_cs_client */;

--
-- Dumping data for table `hotels`
--

LOCK TABLES `hotels` WRITE;
/*!40000 ALTER TABLE `hotels` DISABLE KEYS */;
INSERT INTO `hotels` VALUES (1,1,'Imperial Hotel Vũng Tàu','159 Thùy Vân, Vũng Tàu',5,'$$$$','+84-254-362-8888','Luxury beachfront hotel with private beach, pool, and fine dining.','https://res.cloudinary.com/dji7d6bsc/image/upload/v1766690340/imperial-vung-tau_dyxofm.jpg','2025-10-03 02:00:57','2025-12-26 02:19:45'),(2,1,'Pullman Vũng Tàu','15 Thi Sách, Vũng Tàu',4,'$$$','+84-254-355-1777','Modern 4-star hotel offering city and sea views, business facilities, and restaurants.','https://res.cloudinary.com/dji7d6bsc/image/upload/v1766690470/pullman_vt_mkq7nr.jpg','2025-10-03 02:00:57','2025-12-26 02:21:22'),(3,1,'Rex Hotel Vũng Tàu','1 Lê Quý Đôn, Vũng Tàu',3,'$$','+84-254-385-2446','Comfortable mid-range hotel near city center and beach.','https://res.cloudinary.com/dji7d6bsc/image/upload/v1766690552/rex_vt_qw63nd.jpg','2025-10-03 02:00:57','2025-12-26 02:22:43'),(4,1,'Lotus Hostel','12 Hạ Long, Vũng Tàu',2,'$','+84-938-456-789','Budget hostel popular with backpackers, close to the beach.','https://res.cloudinary.com/dji7d6bsc/image/upload/v1766690626/lotus_vt_bzr1ir.jpg','2025-10-03 02:00:57','2025-12-26 02:24:04'),(5,2,'The Reverie Saigon','22-36 Nguyễn Huệ, Q.1, Hồ Chí Minh City',5,'$$$$','+84-28-3823-6688','Opulent 5-star hotel with Italian design, fine dining, and panoramic city views.','https://res.cloudinary.com/dji7d6bsc/image/upload/v1766690748/reverie_hcm_yl2dte.jpg','2025-10-03 02:00:57','2025-12-26 02:26:04'),(6,2,'Caravelle Saigon','19-23 Lam Sơn Square, Q.1, Hồ Chí Minh City',4,'$$$','+84-28-3823-4999','Elegant hotel with rooftop bar, pool, and close to opera house.','https://res.cloudinary.com/dji7d6bsc/image/upload/v1766690835/carav_hcm_aim1fr.jpg','2025-10-03 02:00:57','2025-12-26 02:27:32'),(7,2,'Silverland Yen Hotel','73-75 Thủ Khoa Huân, Q.1, Hồ Chí Minh City',3,'$$','+84-28-3829-1717','Boutique 3-star hotel with modern rooms and spa services.','https://res.cloudinary.com/dji7d6bsc/image/upload/v1766691059/silver-hcm_gwalvc.jpg','2025-10-03 02:00:57','2025-12-26 02:31:15'),(8,2,'Town House 50 Saigon','50 Bùi Thị Xuân, Q.1, Hồ Chí Minh City',2,'$','+84-28-3925-8543','Budget guesthouse in central Saigon, friendly atmosphere.','https://res.cloudinary.com/dji7d6bsc/image/upload/v1766691199/town_house_hcm_rufqt4.jpg','2025-10-03 02:00:57','2025-12-26 02:33:41'),(9,3,'Ana Mandara Villas Dalat','Lê Lai Street, Đà Lạt',5,'$$$$','+84-263-3555-888','Colonial-style luxury resort with villas, spa, and beautiful gardens.','https://res.cloudinary.com/dji7d6bsc/image/upload/v1766691309/Ana_Mandara_dalat_irtxnr.jpg','2025-10-03 02:00:57','2025-12-26 02:35:24'),(10,3,'Terracotta Hotel & Resort','Tuyền Lâm Lake, Đà Lạt',4,'$$$','+84-263-388-3838','Scenic resort by the lake with conference facilities and nature views.','https://res.cloudinary.com/dji7d6bsc/image/upload/v1766691395/terracotta_dalat_p65mmp.jpg','2025-10-03 02:00:57','2025-12-26 02:36:51'),(11,3,'Tulip Hotel','26-28 Ba Tháng Hai, Đà Lạt',3,'$$','+84-263-351-1111','Popular mid-range hotel in central Đà Lạt, near market and cafes.','https://res.cloudinary.com/dji7d6bsc/image/upload/v1766691476/tulip_dalat_nlchvv.jpg','2025-10-03 02:00:57','2025-12-26 02:38:14'),(12,3,'Backpackers Paradise Hostel','78 Bùi Thị Xuân, Đà Lạt',2,'$','+84-933-222-111','Affordable hostel for young travelers, dorms and private rooms.','https://res.cloudinary.com/dji7d6bsc/image/upload/v1766691576/backpack_dalat_ll65h4.jpg','2025-10-03 02:00:57','2025-12-26 02:39:47'),(13,4,'Hotel de la Coupole – MGallery','1 Hoàng Liên, Sapa',5,'$$$$','+84-214-362-9999','Luxury French-style hotel with spa, fine dining, and mountain views.','https://res.cloudinary.com/dji7d6bsc/image/upload/v1766691710/MGallery_sapa_to5yus.jpg','2025-10-03 02:00:57','2025-12-26 02:42:04'),(14,4,'Silk Path Grand Resort & Spa','Doi Quan 6, Sapa',4,'$$$','+84-214-378-8555','Elegant 4-star resort with gardens, restaurants, and pool.','https://res.cloudinary.com/dji7d6bsc/image/upload/v1766691787/silk_sapa_atojca.jpg','2025-10-03 02:00:57','2025-12-26 02:43:27'),(15,4,'Sapa Lodge Hotel','18 Ngọc Hà, Sapa',3,'$$','+84-214-387-1111','Comfortable 3-star hotel with views of rice terraces.','https://res.cloudinary.com/dji7d6bsc/image/upload/v1766691852/sapa_lodge_sapa_fkxxw6.jpg','2025-10-03 02:00:57','2025-12-26 02:44:35'),(16,4,'Fansipan View Hostel','41 Mường Hoa, Sapa',2,'$','+84-214-387-4567','Budget-friendly hostel popular with trekkers and backpackers.','https://res.cloudinary.com/dji7d6bsc/image/upload/v1766691941/fansi_sapa_r4pmi2.jpg','2025-10-03 02:00:57','2025-12-26 02:46:16'),(17,5,'Sofitel Legend Metropole Hanoi','15 Ngô Quyền, Hoàn Kiếm, Hà Nội',5,'$$$$','+84-24-3826-6919','Iconic 5-star hotel with colonial architecture, fine dining, and spa.','https://res.cloudinary.com/dji7d6bsc/image/upload/v1766692048/soft_hanoi_yi016w.jpg','2025-10-03 02:00:57','2025-12-26 02:48:02'),(18,5,'Apricot Hotel','136 Hàng Trống, Hoàn Kiếm, Hà Nội',4,'$$$','+84-24-3828-9595','Art-inspired luxury hotel with rooftop pool and lake views.','https://res.cloudinary.com/dji7d6bsc/image/upload/v1766692141/apricot_hanoi_cdblv5.jpg','2025-10-03 02:00:57','2025-12-26 02:49:13'),(19,5,'La Siesta Hotel Trendy','12 Nguyễn Quang Bích, Hoàn Kiếm, Hà Nội',3,'$$','+84-24-3923-4026','Well-rated boutique hotel with modern design and spa.','https://res.cloudinary.com/dji7d6bsc/image/upload/v1766692193/la_siesta_hanoi_lnhz7k.jpg','2025-10-03 02:00:57','2025-12-26 02:49:57'),(20,5,'Hanoi Backpackers Hostel','9 Mã Mây, Hoàn Kiếm, Hà Nội',2,'$','+84-24-3935-2292','Friendly hostel in the Old Quarter, popular with international travelers.','https://res.cloudinary.com/dji7d6bsc/image/upload/v1766692257/backpack_hanoi_mucebv.jpg','2025-10-03 02:00:57','2025-12-26 02:51:10'),(21,6,'Azerai La Residence Huế','01 Lê Lợi, Huế',5,'$$$$','+84-234-389-8888','Colonial luxury hotel on the Perfume River with pool and spa.','https://res.cloudinary.com/dji7d6bsc/image/upload/v1766745165/azerai_hue_zowbab.jpg','2025-10-03 02:00:57','2025-12-26 17:33:52'),(22,6,'Pilgrimage Village Boutique Resort & Spa','12 Nguyễn Văn Cừ, Huế',4,'$$$','+84-234-382-1221','Scenic resort with gardens and wellness programs.','https://res.cloudinary.com/dji7d6bsc/image/upload/v1766745389/pil_vil_hue_atyylt.jpg','2025-10-03 02:00:57','2025-12-26 17:36:40'),(23,6,'Senna Hotel Hue','23 Bà Triệu, Huế',3,'$$','+84-234-352-3535','Comfortable mid-range hotel near city attractions.','https://res.cloudinary.com/dji7d6bsc/image/upload/v1766746598/senna_hue_pknzht.jpg','2025-10-03 02:00:57','2025-12-26 17:56:47'),(24,7,'Four Seasons Resort The Nam Hải','Điện Bàn, Hội An',5,'$$$$','+84-235-394-0000','Luxury beachfront villas and private pools.','https://res.cloudinary.com/dji7d6bsc/image/upload/v1766746654/four_season_hoian_r2p0eu.jpg','2025-10-03 02:00:57','2025-12-26 17:57:46'),(25,7,'Almanity Hoi An Resort & Spa','326 Lý Thường Kiệt, Hội An',4,'$$$','+84-235-366-6888','Wellness-centric resort including spa treatments.','https://res.cloudinary.com/dji7d6bsc/image/upload/v1766746718/almighty_hoian_srdehd.jpg','2025-10-03 02:00:57','2025-12-26 17:58:43'),(26,7,'Vinh Hung Riverside Resort','111 Nguyễn Phúc Chu, Hội An',3,'$$','+84-235-386-4949','Riverside resort within walking distance of old town.','https://res.cloudinary.com/dji7d6bsc/image/upload/v1766746777/ving_hung_hoian_cmqxcx.jpg','2025-10-03 02:00:57','2025-12-26 17:59:49'),(27,7,'Tribee Bana Hostel','30 Phan Bội Châu, Hội An',2,'$','+84-905-111-222','Sociable hostel for backpackers and small groups.','https://res.cloudinary.com/dji7d6bsc/image/upload/v1766746844/tribal_hoian_mckpas.jpg','2025-10-03 02:00:57','2025-12-26 18:00:49'),(28,8,'InterContinental Nha Trang','32-34 Tran Phu, Nha Trang',5,'$$$$','+84-258-352-8888','Luxury beachfront hotel with panoramic views.','https://res.cloudinary.com/dji7d6bsc/image/upload/v1766746916/inter_nhatrang_qxxjjd.jpg','2025-10-03 02:00:57','2025-12-26 18:02:00'),(29,8,'Novotel Nha Trang','50 Tran Phu, Nha Trang',4,'$$$','+84-258-352-9999','Modern 4-star with pool and convenient location.','https://res.cloudinary.com/dji7d6bsc/image/upload/v1766746972/novotel_nhatrang_ht1pov.jpg','2025-10-03 02:00:57','2025-12-26 18:02:56'),(30,8,'Alana Nha Trang Hotel','23 Tran Quang Khai, Nha Trang',3,'$$','+84-258-352-7777','Good mid-range option near the beach.','https://res.cloudinary.com/dji7d6bsc/image/upload/v1766747016/alana_nhatrang_zxqp80.jpg','2025-10-03 02:00:57','2025-12-26 18:03:43'),(31,9,'JW Marriott Phu Quoc Emerald Bay','Bai Khem, Phú Quốc',5,'$$$$','+84-297-399-9999','High-end resort with unique architecture and private beach.','https://res.cloudinary.com/dji7d6bsc/image/upload/v1766747074/marriot_phuquoc_y916gg.jpg','2025-10-03 02:00:57','2025-12-26 18:04:48'),(32,9,'Vinpearl Resort & Spa Phu Quoc','Ganh Dau, Phú Quốc',4,'$$$','+84-297-399-5555','Family-friendly resort and amusement options.','https://res.cloudinary.com/dji7d6bsc/image/upload/v1766747136/vinpearl_phuquoc_iae8pr.jpg','2025-10-03 02:00:57','2025-12-26 18:05:42'),(33,9,'La Veranda Resort Phu Quoc','30 Trần Hưng Đạo, Phú Quốc',3,'$$','+84-297-399-1111','Chic boutique resort near the beach.','https://res.cloudinary.com/dji7d6bsc/image/upload/v1766747208/lave_phuquoc_a7sxa4.jpg','2025-10-03 02:00:57','2025-12-26 18:06:55'),(34,10,'Ninh Kieu Riverside Hotel','2 Hai Ba Trung, Cần Thơ',4,'$$$','+84-292-362-1111','Popular riverside hotel with great views.','https://res.cloudinary.com/dji7d6bsc/image/upload/v1766747289/riverside_cantho_rkggfl.jpg','2025-10-03 02:00:57','2025-12-26 18:08:13'),(35,10,'Victoria Can Tho Resort','No. 1, Hoa Binh, Cần Thơ',4,'$$$','+84-292-376-9999','Resort with gardens and Mekong views.','https://res.cloudinary.com/dji7d6bsc/image/upload/v1766747340/victoria_cantho_cqtykc.jpg','2025-10-03 02:00:57','2025-12-26 18:09:05'),(36,10,'Can Tho Central Hotel','45 Hoa Binh, Cần Thơ',3,'$$','+84-292-376-5555','Central hotel convenient for market visits.','https://res.cloudinary.com/dji7d6bsc/image/upload/v1766747703/central_cantho_ecsbzc.jpg','2025-10-03 02:00:57','2025-12-26 18:15:19'),(37,11,'Raffles Hotel Le Royal','92 Rukhak Vithei Daun Penh, Phnom Penh',5,'$$$$','+855-23-428-888','Historic luxury hotel in the city centre.','https://res.cloudinary.com/dji7d6bsc/image/upload/v1766747779/royal_pp_ll1em5.jpg','2025-10-03 02:00:57','2025-12-26 18:16:27'),(38,11,'Sofitel Phnom Penh Phokeethra','26 Old August Site, Phnom Penh',5,'$$$$','+855-23-999-888','Upscale hotel with pool and restaurants.','https://res.cloudinary.com/dji7d6bsc/image/upload/v1766747939/Sofitel_pp_rxig6p.jpg','2025-10-03 02:00:57','2025-12-26 18:19:20'),(39,11,'Frangipani Royal Palace','71 Kramuon Sangkat, Phnom Penh',4,'$$$','+855-23-212-333','Boutique hotel with colonial charm.','https://res.cloudinary.com/dji7d6bsc/image/upload/v1766748013/royal_palace_pp_e7epdl.jpg','2025-10-03 02:00:57','2025-12-26 18:20:22'),(40,12,'Shinta Mani Angkor','Wat Bo Road, Siem Reap',5,'$$$$','+855-63-963-111','Luxury boutique hotel with Khmer design.','https://res.cloudinary.com/dji7d6bsc/image/upload/v1766748109/shinta_s_e8zjki.jpg','2025-10-03 02:00:57','2025-12-26 18:22:01'),(41,12,'Sofitel Angkor Phokeethra','Krous Village, Siem Reap',5,'$$$$','+855-63-966-888','High-end hotel near Angkor attractions.','https://res.cloudinary.com/dji7d6bsc/image/upload/v1766759362/soft_sr_xw5jvl.jpg','2025-10-03 02:00:57','2025-12-26 21:29:46'),(42,12,'Tara Angkor Hotel','Wat Bo Street, Siem Reap',3,'$$','+855-63-963-999','Comfortable mid-range option close to city centre.','https://res.cloudinary.com/dji7d6bsc/image/upload/v1766759419/tara_sr_j2gal1.jpg','2025-10-03 02:00:57','2025-12-26 21:30:45'),(43,13,'Belmond La Résidence Phou Vao','Phou Vao Road, Luang Prabang',5,'$$$$','+856-71-222-111','Luxury with mountain views and refined service.','https://res.cloudinary.com/dji7d6bsc/image/upload/v1766759476/belmond_sr_vyrfs0.jpg','2025-10-03 02:00:57','2025-12-26 21:31:57'),(44,13,'Satri House','41, Kingkitsarath Road, Luang Prabang',4,'$$$','+856-71-212-333','Charming colonial-styled boutique hotel.','https://res.cloudinary.com/dji7d6bsc/image/upload/v1766759574/satri_zdhtbj.jpg','2025-10-03 02:00:57','2025-12-26 21:33:03'),(45,13,'My Dream Boutique Resort','Ban Phanom, Luang Prabang',3,'$$','+856-71-212-444','Well-priced resort close to main sites.','https://res.cloudinary.com/dji7d6bsc/image/upload/v1766759603/dream_lp_xe6gcj.jpg','2025-10-03 02:00:57','2025-12-26 21:34:18'),(46,14,'Mandarin Oriental Bangkok','48 Oriental Ave, Bangkok',5,'$$$$','+66-2-659-9000','Iconic luxury hotel by the Chao Phraya River.','https://res.cloudinary.com/dji7d6bsc/image/upload/v1766759699/mandarin_b_axaicd.jpg','2025-10-03 02:00:57','2025-12-26 21:35:36'),(47,14,'Pullman Bangkok King Power','8 Rangnam Road, Bangkok',4,'$$$','+66-2-680-9999','Modern 4-star close to shopping and transit.','https://res.cloudinary.com/dji7d6bsc/image/upload/v1766759849/pullman_b_gmguxc.jpg','2025-10-03 02:00:57','2025-12-26 21:37:38'),(48,14,'Siam@Siam Design Hotel','865 Rama I Rd, Bangkok',3,'$$','+66-2-217-3000','Boutique design hotel near MBK and Siam Square.','https://res.cloudinary.com/dji7d6bsc/image/upload/v1766759896/siam_b_gufwx3.jpg','2025-10-03 02:00:57','2025-12-26 21:38:45'),(49,15,'137 Pillars House','112 Nawatgate Rd, Chiang Mai',5,'$$$$','+66-53-942-950','Luxury colonial-style boutique hotel with pool.','https://res.cloudinary.com/dji7d6bsc/image/upload/v1766759954/pillar_cm_uuno6k.jpg','2025-10-03 02:00:57','2025-12-26 21:39:49'),(50,15,'Empress Hotel Chiang Mai','199/42 Chang Khlan Rd, Chiang Mai',4,'$$$','+66-53-281-818','Popular 4-star with friendly services.','https://res.cloudinary.com/dji7d6bsc/image/upload/v1766760070/emperor_cm_ohucjn.jpg','2025-10-03 02:00:57','2025-12-26 21:41:52'),(51,15,'Green Tiger Vegetarian House','11/1 Ratchamanka Rd, Chiang Mai',3,'$$','+66-53-278-027','Cozy mid-range guesthouse in Old City.','https://res.cloudinary.com/dji7d6bsc/image/upload/v1766760127/green_tiger_cm_xqycgo.jpg','2025-10-03 02:00:57','2025-12-26 21:42:40'),(52,16,'Alila Seminyak','Seminyak, Bali',5,'$$$$','+62-361-123456','Luxury beachfront hotel with modern design and infinity pool.','https://res.cloudinary.com/dji7d6bsc/image/upload/v1766760206/alila_bali_wbyxbv.jpg','2025-10-03 02:00:57','2025-12-26 21:43:40'),(53,16,'The Legian Bali','Seminyak, Bali',5,'$$$$','+62-361-654321','High-end resort with beachfront suites and service.','https://res.cloudinary.com/dji7d6bsc/image/upload/v1766760280/legian_bali_zbgyxn.jpg','2025-10-03 02:00:57','2025-12-26 21:44:58'),(54,16,'Padma Resort Legian','Legian, Bali',4,'$$$','+62-361-888888','Well-located resort with family facilities.','https://res.cloudinary.com/dji7d6bsc/image/upload/v1766760422/padma_legian_bali_qj5ekh.jpg','2025-10-03 02:00:57','2025-12-26 21:47:23'),(55,16,'Kuta Beach Hostel','Kuta, Bali',2,'$','+62-812-345678','Backpacker-friendly hostel steps from the sand.','https://res.cloudinary.com/dji7d6bsc/image/upload/v1766760481/kuta_bali_nhuxad.jpg','2025-10-03 02:00:57','2025-12-26 21:48:21'),(56,17,'Soneva Fushi','Baa Atoll, Maldives',5,'$$$$','+960-660-0123','Ultra-luxury island resort with villas and private pools.','https://res.cloudinary.com/dji7d6bsc/image/upload/v1766760538/soneva_maldives_z8jcyq.jpg','2025-10-03 02:00:57','2025-12-26 21:49:45'),(57,17,'Conrad Maldives Rangali Island','Alifu Dhaalu Atoll, Maldives',5,'$$$$','+960-668-0066','Famous luxury resort with underwater restaurant.','https://res.cloudinary.com/dji7d6bsc/image/upload/v1766760642/conrad_maldives_cfblmf.jpg','2025-10-03 02:00:57','2025-12-26 21:51:03'),(58,17,'Local Guesthouse (Maafushi)','Maafushi Island',3,'$$','+960-778-9999','Guesthouse option for budget travelers on inhabited islands.','https://res.cloudinary.com/dji7d6bsc/image/upload/v1766760727/guesthousr_maldives_xkj6mk.jpg','2025-10-03 02:00:57','2025-12-26 21:52:22'),(59,18,'Q1 Resort & Spa','Surfers Paradise, Gold Coast',5,'$$$$','+61-7-5592-7700','Luxury high-rise with spa and ocean views.','https://res.cloudinary.com/dji7d6bsc/image/upload/v1766760802/q1_gold_uehl6b.jpg','2025-10-03 02:00:57','2025-12-26 21:53:35'),(60,18,'Mantra on View Hotel','Surfers Paradise, Gold Coast',4,'$$$','+61-7-5592-1234','Popular 4-star near beach and nightlife.','https://res.cloudinary.com/dji7d6bsc/image/upload/v1766760858/mantra_gold_nhcbre.jpg','2025-10-03 02:00:57','2025-12-26 21:54:36'),(61,18,'Backpackers In Paradise','Surfers Paradise, Gold Coast',2,'$','+61-7-5555-1111','Affordable hostel close to the sand.','https://res.cloudinary.com/dji7d6bsc/image/upload/v1766760937/backpacker_gold_xcdyao.jpg','2025-10-03 02:00:57','2025-12-26 21:55:54'),(62,19,'Canaves Oia Hotel','Oia, Santorini',5,'$$$$','+30-2286-071234','Cliffside luxury suites with caldera views.','https://res.cloudinary.com/dji7d6bsc/image/upload/v1766761015/canaves_s_jaheks.jpg','2025-10-03 02:00:57','2025-12-26 21:57:04'),(63,19,'Mystique, a Luxury Collection Hotel','Oia, Santorini',5,'$$$$','+30-2286-071000','Stylish high-end property carved into the cliff.','https://res.cloudinary.com/dji7d6bsc/image/upload/v1766761077/mysque_s_e1aj7s.jpg','2025-10-03 02:00:57','2025-12-26 21:58:06'),(64,19,'Aegean Plaza Hotel','Perissa, Santorini',3,'$$','+30-2286-071999','Comfortable mid-range near black-sand beach.','https://res.cloudinary.com/dji7d6bsc/image/upload/v1766761157/aegean_s_qg6cnx.jpg','2025-10-03 02:00:57','2025-12-26 21:59:25'),(65,20,'Four Seasons Resort Maui at Wailea','Wailea, Maui',5,'$$$$','+1-808-874-8000','Top luxury beachfront resort with pools and golf.','https://res.cloudinary.com/dji7d6bsc/image/upload/v1766761216/four_season_maui_jwafva.jpg','2025-10-03 02:00:57','2025-12-26 22:00:39'),(66,20,'Hyatt Regency Maui Resort','Lahaina, Maui',4,'$$$','+1-808-667-1234','Family-friendly beachfront resort with activities.','https://res.cloudinary.com/dji7d6bsc/image/upload/v1766761272/hyatt_maui_clbih0.jpg','2025-10-03 02:00:57','2025-12-26 22:01:40'),(67,20,'Maui Beach Hostel','Kaanapali, Maui',2,'$','+1-808-555-0101','Budget-friendly hostel near snorkeling spots.','https://res.cloudinary.com/dji7d6bsc/image/upload/v1766761306/kahului_maui_irofa8.jpg','2025-10-03 02:00:57','2025-12-26 22:02:04'),(68,21,'Hotel Interlaken','Höheweg 74, Interlaken, Switzerland',4,'$$$','+41 33 826 68 68','Historic hotel with Alpine views and modern amenities.','https://res.cloudinary.com/dji7d6bsc/image/upload/v1766761424/hotel_i_vt5jwv.jpg','2025-10-03 02:00:57','2025-12-26 22:04:01'),(69,21,'Victoria Jungfrau Grand Hotel','Höheweg 41, Interlaken, Switzerland',5,'$$$$','+41 33 828 28 28','Luxury spa resort between Lake Thun and Lake Brienz.','https://res.cloudinary.com/dji7d6bsc/image/upload/v1766761448/victoria_i_laojk6.jpg','2025-10-03 02:00:57','2025-12-26 22:04:16'),(70,21,'Hotel Blume','Jungfraustrasse 30, Interlaken, Switzerland',3,'$$','+41 33 822 21 71','Cozy family-run hotel near the city center.','https://res.cloudinary.com/dji7d6bsc/image/upload/v1766761563/blume_i_rigx6m.jpg','2025-10-03 02:00:57','2025-12-26 22:06:17'),(71,22,'Hilton Queenstown Resort & Spa','Kawarau Village, Queenstown, New Zealand',5,'$$$$','+64 3 450 9400','Upscale lakeside resort with spa and fine dining.','https://res.cloudinary.com/dji7d6bsc/image/upload/v1766770168/hilton_j1qnwg.jpg','2025-10-03 02:00:57','2025-12-27 00:30:14'),(72,22,'Heartland Hotel Queenstown','27 Stanley St, Queenstown, New Zealand',3,'$$','+64 3 379 5880','Charming alpine-style hotel overlooking Lake Wakatipu.','https://res.cloudinary.com/dji7d6bsc/image/upload/v1766770289/Heartland_rzhnaz.jpg','2025-10-03 02:00:57','2025-12-27 00:31:56'),(73,22,'Nomads Queenstown Hostel','5-11 Church Street, Queenstown, New Zealand',2,'$','+64 3 441 3922','Budget-friendly option for backpackers and travelers.','https://res.cloudinary.com/dji7d6bsc/image/upload/v1766770354/normad_qct958.jpg','2025-10-03 02:00:57','2025-12-27 00:33:02'),(74,23,'Fairmont Banff Springs','405 Spray Ave, Banff, Canada',5,'$$$$','+1 403-762-2211','Iconic castle hotel in the Canadian Rockies.','https://res.cloudinary.com/dji7d6bsc/image/upload/v1766770417/fairmont_ajq8ax.jpg','2025-10-03 02:00:57','2025-12-27 00:34:05'),(75,23,'Banff Aspen Lodge','401 Banff Ave, Banff, Canada',3,'$$','+1 403-762-4401','Comfortable lodge with mountain views and breakfast.','https://res.cloudinary.com/dji7d6bsc/image/upload/v1766770472/banff_sgd6ly.jpg','2025-10-03 02:00:57','2025-12-27 00:34:52'),(76,23,'Moose Hotel & Suites','345 Banff Ave, Banff, Canada',4,'$$$','+1 403-760-8570','Modern suites with spa and rooftop pool.','https://res.cloudinary.com/dji7d6bsc/image/upload/v1766770552/moose_ztxexc.jpg','2025-10-03 02:00:57','2025-12-27 00:36:09'),(77,24,'Temple Tree Resort & Spa','Gaurighat, Lakeside, Pokhara, Nepal',4,'$$','+977 61-465819','Resort blending local culture with modern design.','https://res.cloudinary.com/dji7d6bsc/image/upload/v1766770595/temple_tree_zqbnna.jpg','2025-10-03 02:00:57','2025-12-27 00:36:53'),(78,24,'Hotel Middle Path & Spa','Lakeside Rd, Pokhara, Nepal',3,'$','+977 61-463468','Great value hotel with spa and rooftop views.','https://res.cloudinary.com/dji7d6bsc/image/upload/v1766770652/hot_middle_lsgkvv.jpg','2025-10-03 02:00:57','2025-12-27 00:37:54'),(79,24,'Waterfront Resort','Sedi Height, Lakeside, Pokhara, Nepal',4,'$$','+977 61-466303','Lakeside resort with an outdoor pool and restaurant.','https://res.cloudinary.com/dji7d6bsc/image/upload/v1766770725/water_front_t2eyzr.jpg','2025-10-03 02:00:57','2025-12-27 00:39:20'),(83,26,'Hôtel Mont-Blanc','62 Allée du Majestic, Chamonix, France',5,'$$$$','+33 4 50 53 05 09','Luxury hotel at the base of Mont Blanc.','https://res.cloudinary.com/dji7d6bsc/image/upload/v1766770818/mont_xgcrgz.jpg','2025-10-03 02:00:57','2025-12-27 00:40:39'),(84,26,'La Folie Douce Hotels','823 Allée Recteur Payot, Chamonix, France',4,'$$$','+33 4 85 30 20 00','Trendy hotel with live entertainment and spa.','https://res.cloudinary.com/dji7d6bsc/image/upload/v1766770855/lafolie_b4aejk.jpg','2025-10-03 02:00:57','2025-12-27 00:41:22'),(85,26,'Hotel Le Faucigny','118 Rue des Moulins, Chamonix, France',3,'$$','+33 4 50 53 01 17','Charming boutique hotel near city center.','https://res.cloudinary.com/dji7d6bsc/image/upload/v1766770913/lefauci_vyfrh6.jpg','2025-10-03 02:00:57','2025-12-27 00:42:02'),(86,27,'JW Marriott El Convento Cusco','Esquina de la Calle Ruinas 432, Cusco, Peru',5,'$$$$','+51 84 582200','Restored convent turned into a luxury hotel.','https://res.cloudinary.com/dji7d6bsc/image/upload/v1766770988/elconvento_dctfn9.jpg','2025-10-03 02:00:57','2025-12-27 00:43:23'),(87,27,'Tierra Viva Cusco Saphi Hotel','Calle Saphi 595, Cusco, Peru',3,'$$','+51 84 255527','Great value with authentic Cusco atmosphere.','https://res.cloudinary.com/dji7d6bsc/image/upload/v1766771053/tierra_zoy0sp.jpg','2025-10-03 02:00:57','2025-12-27 00:44:33'),(88,27,'Palacio del Inka, a Luxury Collection Hotel','Plazoleta Santo Domingo 259, Cusco, Peru',5,'$$$$','+51 84 231961','Elegant hotel with Incan history and modern comforts.','https://res.cloudinary.com/dji7d6bsc/image/upload/v1766771111/palacio_vdrhh3.jpg','2025-10-03 02:00:57','2025-12-27 00:45:20'),(89,28,'Mont Cervin Palace','Bahnhofstrasse 31, Zermatt, Switzerland',5,'$$$$','+41 27 966 88 88','Luxury hotel with Matterhorn views.','https://res.cloudinary.com/dji7d6bsc/image/upload/v1766771181/montce_w3bouu.jpg','2025-10-03 02:00:57','2025-12-27 00:46:43'),(90,28,'Hotel Alpenhof','Matterstrasse 43, Zermatt, Switzerland',4,'$$$','+41 27 966 55 55','Upscale hotel with spa and wellness facilities.','https://res.cloudinary.com/dji7d6bsc/image/upload/v1766771245/alpenhof_onp9xv.jpg','2025-10-03 02:00:57','2025-12-27 00:47:44'),(91,28,'Hotel Matterhornblick','Kirchstrasse 38, Zermatt, Switzerland',3,'$$','+41 27 966 74 74','Cozy hotel with family-friendly atmosphere.','https://res.cloudinary.com/dji7d6bsc/image/upload/v1766771280/matterhorn_qyj0q1.jpg','2025-10-03 02:00:57','2025-12-27 00:48:35'),(92,29,'The Little Nell','675 E Durant Ave, Aspen, USA',5,'$$$$','+1 970-920-4600','Luxury ski-in/ski-out resort at Aspen Mountain.','https://res.cloudinary.com/dji7d6bsc/image/upload/v1766771363/littlenell_rnrge2.jpg','2025-10-03 02:00:57','2025-12-27 00:49:46'),(93,29,'Hotel Jerome','330 E Main St, Aspen, USA',4,'$$$$','+1 970-920-1000','Historic boutique hotel with modern elegance.','https://res.cloudinary.com/dji7d6bsc/image/upload/v1766771419/jerome_plichk.jpg','2025-10-03 02:00:57','2025-12-27 00:50:36'),(94,29,'St. Moritz Lodge & Condominiums','334 W Hyman Ave, Aspen, USA',2,'$','+1 970-925-3220','Budget lodge with cozy atmosphere.','https://res.cloudinary.com/dji7d6bsc/image/upload/v1766771437/moritz_etuj16.jpg','2025-10-03 02:00:57','2025-12-27 00:50:55'),(95,30,'The Grand Dragon Ladakh','Old Road Sheynam, Leh, India',5,'$$$$','+91 1982 252586','Top luxury hotel with views of the Himalayas.','https://res.cloudinary.com/dji7d6bsc/image/upload/v1766771542/grand_dragon_gecsij.jpg','2025-10-03 02:00:57','2025-12-27 00:52:51'),(96,30,'Hotel Omasila','Changspa, Leh, India',3,'$$','+91 1982 252370','Mid-range hotel with traditional Ladakhi charm.','https://res.cloudinary.com/dji7d6bsc/image/upload/v1766771580/omasila_zocy2a.jpg','2025-10-03 02:00:57','2025-12-27 00:53:32'),(97,30,'Hotel Ladakh Greens','Fort Road, Leh, India',4,'$$$','+91 1982 251122','Modern hotel with a peaceful garden setting.','https://res.cloudinary.com/dji7d6bsc/image/upload/v1766771639/ladakh_dnjuew.jpg','2025-10-03 02:00:57','2025-12-27 00:54:10');
/*!40000 ALTER TABLE `hotels` ENABLE KEYS */;
UNLOCK TABLES;

--
-- Table structure for table `places`
--

DROP TABLE IF EXISTS `places`;
/*!40101 SET @saved_cs_client     = @@character_set_client */;
/*!50503 SET character_set_client = utf8mb4 */;
CREATE TABLE `places` (
  `place_id` int NOT NULL AUTO_INCREMENT,
  `place_name` varchar(150) NOT NULL,
  `country` varchar(100) DEFAULT NULL,
  `avg_cost_per_day` decimal(10,2) DEFAULT NULL,
  `money_unit` varchar(10) DEFAULT NULL,
  `tourist_density` enum('Low','Medium','High') DEFAULT NULL,
  `place_description` text,
  `place_img` varchar(255) DEFAULT NULL,
  `tags` json DEFAULT NULL,
  `createdAt` datetime NOT NULL DEFAULT CURRENT_TIMESTAMP,
  `updatedAt` datetime NOT NULL DEFAULT CURRENT_TIMESTAMP ON UPDATE CURRENT_TIMESTAMP,
  `deletedAt` datetime DEFAULT NULL,
  PRIMARY KEY (`place_id`)
) ENGINE=InnoDB AUTO_INCREMENT=35 DEFAULT CHARSET=utf8mb4 COLLATE=utf8mb4_0900_ai_ci;
/*!40101 SET character_set_client = @saved_cs_client */;

--
-- Dumping data for table `places`
--

LOCK TABLES `places` WRITE;
/*!40000 ALTER TABLE `places` DISABLE KEYS */;
INSERT INTO `places` VALUES (1,'Vung Tau','Vietnam',1350000.00,'VND','Medium','A coastal city famous for beaches, seafood, and weekend getaways from Hồ Chí Minh City.','https://res.cloudinary.com/dji7d6bsc/image/upload/v1766648270/place-vung-tau-2_ysojhh.jpg','[\"Coast\", \"Cuisine\", \"Relaxation\", \"Getaway\"]','2025-10-03 02:00:38','2026-01-18 03:39:34',NULL),(2,'Ho Chi Minh City','Vietnam',1850000.00,'VND','High','Vietnam’s largest city, bustling with nightlife, culture, street food, and historic landmarks.','https://res.cloudinary.com/dji7d6bsc/image/upload/v1766649079/place-hcm_tegczl.jpg','[\"Nightlife\", \"Heritage\", \"Cuisine\"]','2025-10-03 02:00:38','2026-01-18 03:38:31',NULL),(3,'Da Lat','Vietnam',1300000.00,'VND','Medium','A mountain city known for its cool climate, pine forests, flower gardens, and coffee culture.','https://res.cloudinary.com/dji7d6bsc/image/upload/v1766649286/place-da-lat_wt8kpa.jpg','[\"Mountains\", \"Forests\", \"Romance\", \"Cuisine\"]','2025-10-03 02:00:38','2026-01-18 03:39:52',NULL),(4,'Sapa','Vietnam',1300000.00,'VND','Low','A highland town famous for rice terraces, ethnic culture, and trekking in the Hoàng Liên Son range.','https://res.cloudinary.com/dji7d6bsc/image/upload/v1766649674/place-sapa_lujpq1.jpg','[\"Mountains\", \"Heritage\", \"Nature\"]','2025-10-03 02:00:38','2025-12-25 15:01:48',NULL),(5,'Ha Noi','Vietnam',1550000.00,'VND','High','The capital of Vietnam, rich with history, French colonial architecture, lakes, and vibrant street life.','https://res.cloudinary.com/dji7d6bsc/image/upload/v1766650036/place-ha-noi_vxtl9p.jpg','[\"Nightlife\", \"Heritage\", \"Cuisine\"]','2025-10-03 02:00:38','2026-01-18 03:40:16',NULL),(6,'Hue','Vietnam',1300000.00,'VND','Medium','Historic city known for the Imperial Citadel and royal cuisine.','https://res.cloudinary.com/dji7d6bsc/image/upload/v1766650226/place-hue_fn9fyz.jpg','[\"Heritage\", \"Cuisine\"]','2025-10-03 02:00:38','2026-01-18 03:40:28',NULL),(7,'Hoi An','Vietnam',1450000.00,'VND','High','Charming old town with lanterns, riverside cafes, and beaches nearby.','https://res.cloudinary.com/dji7d6bsc/image/upload/v1766650326/place-hoi-an_gm5f5k.jpg','[\"Heritage\", \"Cuisine\", \"Coast\"]','2025-10-03 02:00:38','2026-01-18 03:40:44',NULL),(8,'Nha Trang','Vietnam',1650000.00,'VND','High','Coastal resort city known for beaches, diving, and nightlife.','https://res.cloudinary.com/dji7d6bsc/image/upload/v1766650467/place-nha-trang_rfoiab.jpg','[\"Coast\", \"Nightlife\", \"Underwater\"]','2025-10-03 02:00:38','2025-12-25 15:14:49',NULL),(9,'Phu Quoc','Vietnam',2000000.00,'VND','Medium','Island paradise famous for beaches, resorts, and seafood.','https://res.cloudinary.com/dji7d6bsc/image/upload/v1766651431/place-phu-quoc_jms5y9.jpg','[\"Coast\", \"Islands\", \"Relaxation\"]','2025-10-03 02:00:38','2026-01-18 03:41:02',NULL),(10,'Can Tho','Vietnam',1200000.00,'VND','Low','Heart of the Mekong Delta, famous for floating markets and riverside life.','https://res.cloudinary.com/dji7d6bsc/image/upload/v1766651551/place-can-tho_cldkfh.jpg','[\"Heritage\", \"Nature\", \"Cuisine\"]','2025-10-03 02:00:38','2026-01-18 03:41:21',NULL),(11,'Phnom Penh','Cambodia',600000.00,'KHR','High','Capital of Cambodia, vibrant riverside, Royal Palace, and markets.','https://res.cloudinary.com/dji7d6bsc/image/upload/v1766651785/place-phnom-penh_vcnsiz.jpg','[\"Heritage\", \"Nightlife\"]','2025-10-03 02:00:38','2025-12-25 15:37:07',NULL),(12,'Siem Reap','Cambodia',750000.00,'KHR','High','Gateway to Angkor Wat temples, bustling markets, and nightlife.','https://res.cloudinary.com/dji7d6bsc/image/upload/v1766652535/place-siem-reap_tjlsxy.jpg','[\"Heritage\", \"Temples\"]','2025-10-03 02:00:38','2025-12-25 15:49:21',NULL),(13,'Luang Prabang','Laos',1000000.00,'LAK','Medium','UNESCO town with temples, waterfalls, and French colonial vibe.','https://res.cloudinary.com/dji7d6bsc/image/upload/v1766652704/place-luang-prabang_ktb8vf.jpg','[\"Heritage\", \"Nature\"]','2025-10-03 02:00:38','2025-12-25 15:52:22',NULL),(14,'Bangkok','Thailand',1800000.00,'THB','High','Bustling capital of Thailand, famous for street food, temples, and nightlife.','https://res.cloudinary.com/dji7d6bsc/image/upload/v1766652865/place-bangkok_ytnnnn.jpg','[\"Nightlife\", \"Cuisine\", \"Temples\"]','2025-10-03 02:00:38','2025-12-25 15:54:47',NULL),(15,'Chiang Mai','Thailand',1350000.00,'THB','Medium','Mountain city with temples, night bazaars, and nature trekking.','https://res.cloudinary.com/dji7d6bsc/image/upload/v1766652967/place-chiang-mai_swokxx.jpg','[\"Heritage\", \"Nature\", \"Temples\", \"Cuisine\"]','2025-10-03 02:00:38','2025-12-25 15:56:38',NULL),(16,'Bali','Indonesia',1750000.00,'IDR','High','Famous island with beaches, temples, surf spots, and lively tourism areas (Kuta, Seminyak, Uluwatu).','https://res.cloudinary.com/dji7d6bsc/image/upload/v1766653163/place-bali_ar71kl.jpg','[\"Coast\", \"Waves\", \"Heritage\", \"Temples\"]','2025-10-03 02:00:38','2025-12-26 02:13:48',NULL),(17,'Maldives','Maldives',1750000.00,'USD','Medium','Tropical atolls, luxury resorts, coral reefs, ideal for diving and honeymooners.','https://res.cloudinary.com/dji7d6bsc/image/upload/v1766653345/place-maldives_djvmxe.jpg','[\"Islands\", \"Luxury\", \"Underwater\", \"Coast\"]','2025-10-03 02:00:38','2025-12-26 02:14:24',NULL),(18,'Gold Coast','Australia',2750000.00,'AUD','High','Long sandy beaches, surf culture, theme parks and vibrant nightlife.','https://res.cloudinary.com/dji7d6bsc/image/upload/v1766653476/place-gold-coast_u4hnrs.jpg','[\"Coast\", \"Waves\", \"Nightlife\", \"Family\"]','2025-10-03 02:00:38','2025-12-25 16:04:57',NULL),(19,'Santorini','Greece',2900000.00,'EUR','High','Iconic cliffside island with dramatic caldera views, volcanic beaches and sunsets.','https://res.cloudinary.com/dji7d6bsc/image/upload/v1766653590/place-santorini_asaoao.jpg','[\"Islands\", \"Views\", \"Romance\", \"Sunsets\"]','2025-10-03 02:00:38','2025-12-25 16:06:53',NULL),(20,'Maui','United States (Hawaii)',3000000.00,'USD','High','Hawaiian island with diverse beaches, snorkeling sites and mountain backcountry.','https://res.cloudinary.com/dji7d6bsc/image/upload/v1766653690/place-maui_rcy15b.jpg','[\"Islands\", \"Waves\", \"Reefs\", \"Nature\"]','2025-10-03 02:00:38','2025-12-25 16:08:33',NULL),(21,'Interlaken','Switzerland',2750000.00,'CHF','Medium','Mountain resort town between Lake Thun and Lake Brienz, surrounded by the Alps.','https://res.cloudinary.com/dji7d6bsc/image/upload/v1766653858/place-inInterlaken_q5yrrn.jpg','[\"Mountains\", \"Nature\"]','2025-10-03 02:00:38','2025-12-25 16:11:30',NULL),(22,'Queenstown','New Zealand',2800000.00,'NZD','High','Adventure capital on Lake Wakatipu, surrounded by Southern Alps.','https://res.cloudinary.com/dji7d6bsc/image/upload/v1766687113/place-queenstown_xvhnxc.jpg','[\"Mountains\", \"Nature\"]','2025-10-03 02:00:38','2025-12-26 01:25:40',NULL),(23,'Banff','Canada',3400000.00,'CAD','High','Gateway to the Canadian Rockies, famous for turquoise lakes and wildlife.','https://res.cloudinary.com/dji7d6bsc/image/upload/v1766687231/place-banff_seo71i.jpg','[\"Mountains\", \"Nature\"]','2025-10-03 02:00:38','2025-12-26 01:27:36',NULL),(24,'Pokhara','Nepal',900000.00,'NPR','Medium','Lakeside city near Annapurna Himalayas, paragliding and trekking hub.','https://res.cloudinary.com/dji7d6bsc/image/upload/v1766687344/place-pokhara_ghyd2g.jpg','[\"Mountains\", \"Nature\"]','2025-10-03 02:00:38','2025-12-26 01:29:28',NULL),(26,'Chamonix','France',3850000.00,'EUR','High','Famous ski resort at the base of Mont Blanc.','https://res.cloudinary.com/dji7d6bsc/image/upload/v1766687517/place-chamonix_bmw0ve.jpg','[\"Snow\", \"Mountains\"]','2025-10-03 02:00:38','2025-12-26 01:32:16',NULL),(27,'Cusco','Peru',1500000.00,'PEN','High','Historic Incan capital, gateway to Machu Picchu.','https://res.cloudinary.com/dji7d6bsc/image/upload/v1766687745/place-cusco_tgsneo.jpg','[\"Mountains\", \"Heritage\"]','2025-10-03 02:00:38','2025-12-26 01:36:05',NULL),(28,'Zermatt','Switzerland',4300000.00,'CHF','High','Car-free village near Matterhorn, skiing and hiking destination.','https://res.cloudinary.com/dji7d6bsc/image/upload/v1766687834/place-Zermatt_dczyel.jpg','[\"Mountains\", \"Snow\"]','2025-10-03 02:00:38','2025-12-26 01:37:34',NULL),(29,'Aspen','USA',4750000.00,'USD','High','Colorado ski resort town in the Rockies, known for luxury tourism.','https://res.cloudinary.com/dji7d6bsc/image/upload/v1766687913/place-aspen_kka3cv.jpg','[\"Snow\", \"Mountains\", \"Luxury\"]','2025-10-03 02:00:38','2025-12-26 01:38:49',NULL),(30,'Leh','India',1350000.00,'INR','Low','Himalayan town in Ladakh, known for monasteries and trekking routes.','https://res.cloudinary.com/dji7d6bsc/image/upload/v1766688681/place-leh_pzrnus.jpg','[\"Mountains\", \"Heritage\"]','2025-10-03 02:00:38','2025-12-26 01:51:40',NULL);
/*!40000 ALTER TABLE `places` ENABLE KEYS */;
UNLOCK TABLES;

--
-- Table structure for table `poi_activities`
--

DROP TABLE IF EXISTS `poi_activities`;
/*!40101 SET @saved_cs_client     = @@character_set_client */;
/*!50503 SET character_set_client = utf8mb4 */;
CREATE TABLE `poi_activities` (
  `poi_act_id` int NOT NULL AUTO_INCREMENT,
  `poi_id` int NOT NULL,
  `activity_id` int NOT NULL,
  `createdAt` datetime NOT NULL DEFAULT CURRENT_TIMESTAMP,
  `updatedAt` datetime NOT NULL DEFAULT CURRENT_TIMESTAMP ON UPDATE CURRENT_TIMESTAMP,
  PRIMARY KEY (`poi_act_id`),
  KEY `poi_id` (`poi_id`),
  KEY `activity_id` (`activity_id`),
  CONSTRAINT `poi_activities_ibfk_1` FOREIGN KEY (`poi_id`) REFERENCES `pois` (`poi_id`) ON DELETE CASCADE,
  CONSTRAINT `poi_activities_ibfk_2` FOREIGN KEY (`activity_id`) REFERENCES `activities` (`activity_id`) ON DELETE CASCADE
) ENGINE=InnoDB AUTO_INCREMENT=279 DEFAULT CHARSET=utf8mb4 COLLATE=utf8mb4_0900_ai_ci;
/*!40101 SET character_set_client = @saved_cs_client */;

--
-- Dumping data for table `poi_activities`
--

LOCK TABLES `poi_activities` WRITE;
/*!40000 ALTER TABLE `poi_activities` DISABLE KEYS */;
INSERT INTO `poi_activities` VALUES (1,1,1,'2025-10-03 02:01:11','2025-10-03 02:01:11'),(2,1,2,'2025-10-03 02:01:11','2025-10-03 02:01:11'),(3,1,12,'2025-10-03 02:01:11','2025-10-03 02:01:11'),(4,2,4,'2025-10-03 02:01:11','2025-10-03 02:01:11'),(5,2,12,'2025-10-03 02:01:11','2025-10-03 02:01:11'),(6,3,3,'2025-10-03 02:01:11','2025-10-03 02:01:11'),(7,3,5,'2025-10-03 02:01:11','2025-10-03 02:01:11'),(8,4,5,'2025-10-03 02:01:11','2025-10-03 02:01:11'),(9,4,3,'2025-10-03 02:01:11','2025-10-03 02:01:11'),(10,5,7,'2025-10-03 02:01:11','2025-10-03 02:01:11'),(11,5,4,'2025-10-03 02:01:11','2025-10-03 02:01:11'),(12,6,6,'2025-10-03 02:01:11','2025-10-03 02:01:11'),(13,6,4,'2025-10-03 02:01:11','2025-10-03 02:01:11'),(14,6,12,'2025-10-03 02:01:11','2025-10-03 02:01:11'),(15,7,9,'2025-10-03 02:01:11','2025-10-03 02:01:11'),(16,7,4,'2025-10-03 02:01:11','2025-10-03 02:01:11'),(17,7,12,'2025-10-03 02:01:11','2025-10-03 02:01:11'),(18,8,4,'2025-10-03 02:01:11','2025-10-03 02:01:11'),(19,8,12,'2025-10-03 02:01:11','2025-10-03 02:01:11'),(20,9,5,'2025-10-03 02:01:11','2025-10-03 02:01:11'),(21,9,6,'2025-10-03 02:01:11','2025-10-03 02:01:11'),(22,9,3,'2025-10-03 02:01:11','2025-10-03 02:01:11'),(23,10,10,'2025-10-03 02:01:11','2025-10-03 02:01:11'),(24,10,12,'2025-10-03 02:01:11','2025-10-03 02:01:11'),(25,11,11,'2025-10-03 02:01:11','2025-10-03 02:01:11'),(26,11,13,'2025-10-03 02:01:11','2025-10-03 02:01:11'),(27,12,4,'2025-10-03 02:01:11','2025-10-03 02:01:11'),(28,12,12,'2025-10-03 02:01:11','2025-10-03 02:01:11'),(29,13,4,'2025-10-03 02:01:11','2025-10-03 02:01:11'),(30,13,12,'2025-10-03 02:01:11','2025-10-03 02:01:11'),(31,13,14,'2025-10-03 02:01:11','2025-10-03 02:01:11'),(32,14,5,'2025-10-03 02:01:11','2025-10-03 02:01:11'),(33,14,3,'2025-10-03 02:01:11','2025-10-03 02:01:11'),(34,14,6,'2025-10-03 02:01:11','2025-10-03 02:01:11'),(35,15,13,'2025-10-03 02:01:11','2025-10-03 02:01:11'),(36,15,7,'2025-10-03 02:01:11','2025-10-03 02:01:11'),(37,15,4,'2025-10-03 02:01:11','2025-10-03 02:01:11'),(38,16,12,'2025-10-03 02:01:11','2025-10-03 02:01:11'),(39,18,24,'2025-10-03 02:01:11','2025-10-03 02:01:11'),(40,19,4,'2025-10-03 02:01:11','2025-10-03 02:01:11'),(41,20,21,'2025-10-03 02:01:11','2025-10-03 02:01:11'),(42,21,12,'2025-10-03 02:01:11','2025-10-03 02:01:11'),(43,22,1,'2025-10-03 02:01:11','2025-10-03 02:01:11'),(44,23,13,'2025-10-03 02:01:11','2025-10-03 02:01:11'),(45,25,21,'2025-10-03 02:01:11','2025-10-03 02:01:11'),(46,26,19,'2025-10-03 02:01:11','2025-10-03 02:01:11'),(47,28,16,'2025-10-03 02:01:11','2025-10-03 02:01:11'),(48,29,4,'2025-10-03 02:01:11','2025-10-03 02:01:11'),(49,30,20,'2025-10-03 02:01:11','2025-10-03 02:01:11'),(50,31,4,'2025-10-03 02:01:11','2025-10-03 02:01:11'),(51,32,7,'2025-10-03 02:01:11','2025-10-03 02:01:11'),(52,33,5,'2025-10-03 02:01:11','2025-10-03 02:01:11'),(53,34,18,'2025-10-03 02:01:11','2025-10-03 02:01:11'),(54,35,12,'2025-10-03 02:01:11','2025-10-03 02:01:11'),(55,36,19,'2025-10-03 02:01:11','2025-10-03 02:01:11'),(56,37,1,'2025-10-03 02:01:11','2025-10-03 02:01:11'),(57,38,4,'2025-10-03 02:01:11','2025-10-03 02:01:11'),(58,39,19,'2025-10-03 02:01:11','2025-10-03 02:01:11'),(59,40,13,'2025-10-03 02:01:11','2025-10-03 02:01:11'),(60,41,5,'2025-10-03 02:01:11','2025-10-03 02:01:11'),(61,42,12,'2025-10-03 02:01:11','2025-10-03 02:01:11'),(62,43,13,'2025-10-03 02:01:11','2025-10-03 02:01:11'),(63,44,19,'2025-10-03 02:01:11','2025-10-03 02:01:11'),(64,45,24,'2025-10-03 02:01:11','2025-10-03 02:01:11'),(65,46,2,'2025-10-03 02:01:11','2025-10-03 02:01:11'),(66,47,32,'2025-10-03 02:01:11','2025-10-03 02:01:11'),(67,48,26,'2025-10-03 02:01:11','2025-10-03 02:01:11'),(68,49,25,'2025-10-03 02:01:11','2025-10-03 02:01:11'),(69,50,2,'2025-10-03 02:01:11','2025-10-03 02:01:11'),(70,51,25,'2025-10-03 02:01:11','2025-10-03 02:01:11'),(71,53,28,'2025-10-03 02:01:11','2025-10-03 02:01:11'),(72,54,32,'2025-10-03 02:01:11','2025-10-03 02:01:11'),(73,55,22,'2025-10-03 02:01:11','2025-10-03 02:01:11'),(74,52,23,'2025-10-03 02:01:11','2025-10-03 02:01:11'),(75,56,2,'2025-10-03 02:01:11','2025-10-03 02:01:11'),(76,58,2,'2025-10-03 02:01:11','2025-10-03 02:01:11'),(77,60,33,'2025-10-03 02:01:11','2025-10-03 02:01:11'),(78,61,32,'2025-10-03 02:01:11','2025-10-03 02:01:11'),(79,62,25,'2025-10-03 02:01:11','2025-10-03 02:01:11'),(80,63,31,'2025-10-03 02:01:11','2025-10-03 02:01:11'),(81,64,4,'2025-10-03 02:01:11','2025-10-03 02:01:11'),(82,66,25,'2025-10-03 02:01:11','2025-10-03 02:01:11'),(83,70,33,'2025-10-03 02:01:11','2025-10-03 02:01:11'),(84,68,22,'2025-10-03 02:01:11','2025-10-03 02:01:11'),(85,69,4,'2025-10-03 02:01:11','2025-10-03 02:01:11'),(86,101,1,'2025-10-03 02:01:11','2025-10-03 02:01:11'),(87,101,2,'2025-10-03 02:01:11','2025-10-03 02:01:11'),(88,102,4,'2025-10-03 02:01:11','2025-10-03 02:01:11'),(89,102,5,'2025-10-03 02:01:11','2025-10-03 02:01:11'),(90,103,3,'2025-10-03 02:01:11','2025-10-03 02:01:11'),(91,111,3,'2025-10-03 02:01:11','2025-10-03 02:01:11'),(92,111,4,'2025-10-03 02:01:11','2025-10-03 02:01:11'),(93,112,6,'2025-10-03 02:01:11','2025-10-03 02:01:11'),(94,113,7,'2025-10-03 02:01:11','2025-10-03 02:01:11'),(99,71,10,'2025-10-03 02:01:11','2025-10-03 02:01:11'),(100,71,11,'2025-10-03 02:01:11','2025-10-03 02:01:11'),(101,71,13,'2025-10-03 02:01:11','2025-10-03 02:01:11'),(102,72,1,'2025-10-03 02:01:11','2025-10-03 02:01:11'),(103,72,7,'2025-10-03 02:01:11','2025-10-03 02:01:11'),(104,72,15,'2025-10-03 02:01:11','2025-10-03 02:01:11'),(105,73,5,'2025-10-03 02:01:11','2025-10-03 02:01:11'),(106,73,30,'2025-10-03 02:01:11','2025-10-03 02:01:11'),(107,73,1,'2025-10-03 02:01:11','2025-10-03 02:01:11'),(108,74,5,'2025-10-03 02:01:11','2025-10-03 02:01:11'),(109,74,30,'2025-10-03 02:01:11','2025-10-03 02:01:11'),(110,74,10,'2025-10-03 02:01:11','2025-10-03 02:01:11'),(111,75,15,'2025-10-03 02:01:11','2025-10-03 02:01:11'),(112,75,1,'2025-10-03 02:01:11','2025-10-03 02:01:11'),(113,75,13,'2025-10-03 02:01:11','2025-10-03 02:01:11'),(114,76,15,'2025-10-03 02:01:11','2025-10-03 02:01:11'),(115,76,1,'2025-10-03 02:01:11','2025-10-03 02:01:11'),(116,76,10,'2025-10-03 02:01:11','2025-10-03 02:01:11'),(117,77,30,'2025-10-03 02:01:11','2025-10-03 02:01:11'),(118,77,1,'2025-10-03 02:01:11','2025-10-03 02:01:11'),(119,77,10,'2025-10-03 02:01:11','2025-10-03 02:01:11'),(120,78,5,'2025-10-03 02:01:11','2025-10-03 02:01:11'),(121,78,10,'2025-10-03 02:01:11','2025-10-03 02:01:11'),(122,78,30,'2025-10-03 02:01:11','2025-10-03 02:01:11'),(123,79,19,'2025-10-03 02:01:11','2025-10-03 02:01:11'),(124,79,24,'2025-10-03 02:01:11','2025-10-03 02:01:11'),(125,79,1,'2025-10-03 02:01:11','2025-10-03 02:01:11'),(126,80,11,'2025-10-03 02:01:11','2025-10-03 02:01:11'),(127,80,14,'2025-10-03 02:01:11','2025-10-03 02:01:11'),(128,80,1,'2025-10-03 02:01:11','2025-10-03 02:01:11'),(129,81,30,'2025-10-03 02:01:11','2025-10-03 02:01:11'),(130,81,1,'2025-10-03 02:01:11','2025-10-03 02:01:11'),(131,81,15,'2025-10-03 02:01:11','2025-10-03 02:01:11'),(132,82,15,'2025-10-03 02:01:11','2025-10-03 02:01:11'),(133,82,1,'2025-10-03 02:01:11','2025-10-03 02:01:11'),(134,82,10,'2025-10-03 02:01:11','2025-10-03 02:01:11'),(135,83,15,'2025-10-03 02:01:11','2025-10-03 02:01:11'),(136,83,1,'2025-10-03 02:01:11','2025-10-03 02:01:11'),(137,83,10,'2025-10-03 02:01:11','2025-10-03 02:01:11'),(138,84,15,'2025-10-03 02:01:11','2025-10-03 02:01:11'),(139,84,1,'2025-10-03 02:01:11','2025-10-03 02:01:11'),(140,84,10,'2025-10-03 02:01:11','2025-10-03 02:01:11'),(141,85,24,'2025-10-03 02:01:11','2025-10-03 02:01:11'),(142,85,1,'2025-10-03 02:01:11','2025-10-03 02:01:11'),(143,85,10,'2025-10-03 02:01:11','2025-10-03 02:01:11'),(144,85,30,'2025-10-03 02:01:11','2025-10-03 02:01:11'),(145,86,30,'2025-10-03 02:01:11','2025-10-03 02:01:11'),(146,86,5,'2025-10-03 02:01:11','2025-10-03 02:01:11'),(147,86,1,'2025-10-03 02:01:11','2025-10-03 02:01:11'),(148,37,15,'2025-10-03 02:01:11','2025-10-03 02:01:11'),(150,37,10,'2025-10-03 02:01:11','2025-10-03 02:01:11'),(151,88,3,'2025-10-03 02:01:11','2025-10-03 02:01:11'),(152,88,19,'2025-10-03 02:01:11','2025-10-03 02:01:11'),(153,88,1,'2025-10-03 02:01:11','2025-10-03 02:01:11'),(154,89,15,'2025-10-03 02:01:11','2025-10-03 02:01:11'),(155,89,1,'2025-10-03 02:01:11','2025-10-03 02:01:11'),(156,89,10,'2025-10-03 02:01:11','2025-10-03 02:01:11'),(157,90,8,'2025-10-03 02:01:11','2025-10-03 02:01:11'),(158,90,5,'2025-10-03 02:01:11','2025-10-03 02:01:11'),(159,90,1,'2025-10-03 02:01:11','2025-10-03 02:01:11'),(175,97,15,'2025-10-03 02:01:11','2025-10-03 02:01:11'),(176,97,1,'2025-10-03 02:01:11','2025-10-03 02:01:11'),(177,97,10,'2025-10-03 02:01:11','2025-10-03 02:01:11'),(178,98,15,'2025-10-03 02:01:11','2025-10-03 02:01:11'),(179,98,1,'2025-10-03 02:01:11','2025-10-03 02:01:11'),(180,98,10,'2025-10-03 02:01:11','2025-10-03 02:01:11'),(181,99,11,'2025-10-03 02:01:11','2025-10-03 02:01:11'),(182,99,19,'2025-10-03 02:01:11','2025-10-03 02:01:11'),(183,99,25,'2025-10-03 02:01:11','2025-10-03 02:01:11'),(218,100,11,'2025-10-03 02:01:11','2025-10-03 02:01:11'),(219,100,25,'2025-10-03 02:01:11','2025-10-03 02:01:11'),(220,100,1,'2025-10-03 02:01:11','2025-10-03 02:01:11'),(221,101,15,'2025-10-03 02:01:11','2025-10-03 02:01:11'),(223,101,19,'2025-10-03 02:01:11','2025-10-03 02:01:11'),(224,102,3,'2025-10-03 02:01:11','2025-10-03 02:01:11'),(226,102,1,'2025-10-03 02:01:11','2025-10-03 02:01:11'),(227,103,11,'2025-10-03 02:01:11','2025-10-03 02:01:11'),(228,103,25,'2025-10-03 02:01:11','2025-10-03 02:01:11'),(229,103,19,'2025-10-03 02:01:11','2025-10-03 02:01:11'),(230,104,19,'2025-10-03 02:01:11','2025-10-03 02:01:11'),(231,104,1,'2025-10-03 02:01:11','2025-10-03 02:01:11'),(232,104,10,'2025-10-03 02:01:11','2025-10-03 02:01:11'),(233,105,15,'2025-10-03 02:01:11','2025-10-03 02:01:11'),(234,105,1,'2025-10-03 02:01:11','2025-10-03 02:01:11'),(235,105,25,'2025-10-03 02:01:11','2025-10-03 02:01:11'),(236,106,15,'2025-10-03 02:01:11','2025-10-03 02:01:11'),(237,106,1,'2025-10-03 02:01:11','2025-10-03 02:01:11'),(238,106,10,'2025-10-03 02:01:11','2025-10-03 02:01:11'),(239,107,1,'2025-10-03 02:01:11','2025-10-03 02:01:11'),(240,107,10,'2025-10-03 02:01:11','2025-10-03 02:01:11'),(241,107,30,'2025-10-03 02:01:11','2025-10-03 02:01:11'),(242,108,15,'2025-10-03 02:01:11','2025-10-03 02:01:11'),(243,108,1,'2025-10-03 02:01:11','2025-10-03 02:01:11'),(244,108,10,'2025-10-03 02:01:11','2025-10-03 02:01:11'),(245,109,16,'2025-10-03 02:01:11','2025-10-03 02:01:11'),(246,109,19,'2025-10-03 02:01:11','2025-10-03 02:01:11'),(247,109,25,'2025-10-03 02:01:11','2025-10-03 02:01:11'),(248,110,15,'2025-10-03 02:01:11','2025-10-03 02:01:11'),(249,110,1,'2025-10-03 02:01:11','2025-10-03 02:01:11'),(250,110,20,'2025-10-03 02:01:11','2025-10-03 02:01:11'),(251,111,15,'2025-10-03 02:01:11','2025-10-03 02:01:11'),(252,111,1,'2025-10-03 02:01:11','2025-10-03 02:01:11'),(253,111,10,'2025-10-03 02:01:11','2025-10-03 02:01:11'),(254,112,15,'2025-10-03 02:01:11','2025-10-03 02:01:11'),(255,112,1,'2025-10-03 02:01:11','2025-10-03 02:01:11'),(256,112,10,'2025-10-03 02:01:11','2025-10-03 02:01:11'),(257,113,24,'2025-10-03 02:01:11','2025-10-03 02:01:11'),(258,113,1,'2025-10-03 02:01:11','2025-10-03 02:01:11'),(259,113,10,'2025-10-03 02:01:11','2025-10-03 02:01:11'),(260,114,19,'2025-10-03 02:01:11','2025-10-03 02:01:11'),(261,114,1,'2025-10-03 02:01:11','2025-10-03 02:01:11'),(262,114,25,'2025-10-03 02:01:11','2025-10-03 02:01:11'),(263,115,3,'2025-10-03 02:01:11','2025-10-03 02:01:11'),(264,115,4,'2025-10-03 02:01:11','2025-10-03 02:01:11'),(265,115,1,'2025-10-03 02:01:11','2025-10-03 02:01:11'),(266,116,3,'2025-10-03 02:01:11','2025-10-03 02:01:11'),(267,116,4,'2025-10-03 02:01:11','2025-10-03 02:01:11'),(268,116,1,'2025-10-03 02:01:11','2025-10-03 02:01:11'),(269,117,10,'2025-10-03 02:01:11','2025-10-03 02:01:11'),(270,117,1,'2025-10-03 02:01:11','2025-10-03 02:01:11'),(271,117,15,'2025-10-03 02:01:11','2025-10-03 02:01:11'),(272,118,3,'2025-10-03 02:01:11','2025-10-03 02:01:11'),(273,118,4,'2025-10-03 02:01:11','2025-10-03 02:01:11'),(274,118,1,'2025-10-03 02:01:11','2025-10-03 02:01:11'),(275,118,19,'2025-10-03 02:01:11','2025-10-03 02:01:11'),(276,119,30,'2025-10-03 02:01:11','2025-10-03 02:01:11'),(277,119,1,'2025-10-03 02:01:11','2025-10-03 02:01:11'),(278,119,5,'2025-10-03 02:01:11','2025-10-03 02:01:11');
/*!40000 ALTER TABLE `poi_activities` ENABLE KEYS */;
UNLOCK TABLES;

--
-- Table structure for table `pois`
--

DROP TABLE IF EXISTS `pois`;
/*!40101 SET @saved_cs_client     = @@character_set_client */;
/*!50503 SET character_set_client = utf8mb4 */;
CREATE TABLE `pois` (
  `poi_id` int NOT NULL AUTO_INCREMENT,
  `place_id` int NOT NULL,
  `poi_name` varchar(150) NOT NULL,
  `poi_description` text,
  `opening_hour` time DEFAULT NULL,
  `closing_hour` time DEFAULT NULL,
  `additional_fee` decimal(10,2) DEFAULT NULL,
  `entry_fee` decimal(10,2) DEFAULT NULL,
  `poi_img` varchar(255) DEFAULT NULL,
  `rating` float DEFAULT NULL,
  `timezone` varchar(50) DEFAULT NULL,
  `created_at` timestamp NULL DEFAULT CURRENT_TIMESTAMP,
  `tags` json DEFAULT NULL,
  `createdAt` datetime NOT NULL DEFAULT CURRENT_TIMESTAMP,
  `updatedAt` datetime NOT NULL DEFAULT CURRENT_TIMESTAMP ON UPDATE CURRENT_TIMESTAMP,
  PRIMARY KEY (`poi_id`),
  KEY `place_id` (`place_id`),
  CONSTRAINT `pois_ibfk_1` FOREIGN KEY (`place_id`) REFERENCES `places` (`place_id`) ON DELETE CASCADE,
  CONSTRAINT `pois_chk_1` CHECK (((`rating` >= 0) and (`rating` <= 5)))
) ENGINE=InnoDB AUTO_INCREMENT=121 DEFAULT CHARSET=utf8mb4 COLLATE=utf8mb4_0900_ai_ci;
/*!40101 SET character_set_client = @saved_cs_client */;

--
-- Dumping data for table `pois`
--

LOCK TABLES `pois` WRITE;
/*!40000 ALTER TABLE `pois` DISABLE KEYS */;
INSERT INTO `pois` VALUES (1,1,'Back Beach','Popular sandy beach with swimming and surfing opportunities.','06:00:00','18:00:00',NULL,0.00,'https://example.com/img/backbeach.jpg',4.3,'Asia/Ho_Chi_Minh','2025-09-29 15:47:41','[\"Beach\", \"Swimming\", \"Surfing\"]','2025-10-03 02:01:15','2025-10-03 02:01:15'),(2,1,'Vũng Tàu Lighthouse','Historic lighthouse offering panoramic views of the coast.','08:00:00','20:00:00',NULL,10.00,'https://example.com/img/lighthouse.jpg',4.6,'Asia/Ho_Chi_Minh','2025-09-29 15:47:41','[\"Sightseeing\", \"Photography\"]','2025-10-03 02:01:15','2025-10-03 02:01:15'),(3,1,'Seafood Market','Bustling market famous for fresh seafood dishes.','07:00:00','21:00:00',NULL,0.00,'https://example.com/img/seafoodmarket.jpg',4.2,'Asia/Ho_Chi_Minh','2025-09-29 15:47:41','[\"Food\", \"Seafood\"]','2025-10-03 02:01:15','2025-10-03 02:01:15'),(4,2,'Bến Thành Market','Iconic market for shopping and street food.','07:00:00','21:00:00',NULL,0.00,'https://example.com/img/benthanh.jpg',4.1,'Asia/Ho_Chi_Minh','2025-09-29 15:48:26','[\"Shopping\", \"Street Food\"]','2025-10-03 02:01:15','2025-10-03 02:01:15'),(5,2,'War Remnants Museum','Museum documenting Vietnam War history.','08:00:00','17:00:00',NULL,20.00,'https://example.com/img/warremnants.jpg',4.7,'Asia/Ho_Chi_Minh','2025-09-29 15:48:26','[\"Museum\", \"History\"]','2025-10-03 02:01:15','2025-10-03 02:01:15'),(6,2,'Nguyễn Huệ Walking Street','Pedestrian street with cafes, nightlife, and events.','00:00:00','23:59:00',NULL,0.00,'https://example.com/img/nguyenhue.jpg',4.5,'Asia/Ho_Chi_Minh','2025-09-29 15:48:26','[\"Nightlife\", \"Street Food\", \"Events\"]','2025-10-03 02:01:15','2025-10-03 02:01:15'),(7,3,'Valley of Love','Romantic valley with flower gardens and lakes.','08:00:00','18:00:00',NULL,30.00,'https://example.com/img/valleylove.jpg',4.4,'Asia/Ho_Chi_Minh','2025-09-29 15:48:41','[\"Romantic\", \"Flowers\", \"Sightseeing\"]','2025-10-03 02:01:15','2025-10-03 02:01:15'),(8,3,'Crazy House','Unique architecture attraction resembling a fairy tale house.','08:00:00','17:00:00',NULL,60.00,'https://example.com/img/crazyhouse.jpg',4.5,'Asia/Ho_Chi_Minh','2025-09-29 15:48:41','[\"Art\", \"Architecture\"]','2025-10-03 02:01:15','2025-10-03 02:01:15'),(9,3,'Dalat Night Market','Popular night market with food, shopping, and souvenirs.','18:00:00','23:00:00',NULL,0.00,'https://example.com/img/dalatmarket.jpg',4.3,'Asia/Ho_Chi_Minh','2025-09-29 15:48:41','[\"Shopping\", \"Food\", \"Nightlife\"]','2025-10-03 02:01:15','2025-10-03 02:01:15'),(10,4,'Fansipan Mountain','The highest peak in Indochina, accessible by trekking or cable car.','07:00:00','17:00:00',NULL,150.00,'https://example.com/img/fansipan.jpg',4.8,'Asia/Ho_Chi_Minh','2025-09-29 15:49:03','[\"Mountains\", \"Trekking\"]','2025-10-03 02:01:15','2025-10-03 02:01:15'),(11,4,'Cat Cat Village','Traditional H’Mong village with cultural activities.','08:00:00','18:00:00',NULL,70.00,'https://example.com/img/catcat.jpg',4.4,'Asia/Ho_Chi_Minh','2025-09-29 15:49:03','[\"Culture\", \"Village\"]','2025-10-03 02:01:15','2025-10-03 02:01:15'),(12,4,'Sapa Lake','Scenic lake in the town center, great for walking and photography.','00:00:00','23:59:00',NULL,0.00,'https://example.com/img/sapalake.jpg',4,'Asia/Ho_Chi_Minh','2025-09-29 15:49:03','[\"Nature\", \"Photography\"]','2025-10-03 02:01:15','2025-10-03 02:01:15'),(13,5,'Hoàn Kiếm Lake','Central lake with the iconic Turtle Tower and walking paths.','00:00:00','23:59:00',NULL,0.00,'https://example.com/img/hoankiem.jpg',4.6,'Asia/Ho_Chi_Minh','2025-09-29 15:49:18','[\"Nature\", \"Sightseeing\"]','2025-10-03 02:01:15','2025-10-03 02:01:15'),(14,5,'Old Quarter','Historic district with shops, cafes, and traditional architecture.','00:00:00','23:59:00',NULL,0.00,'https://example.com/img/oldquarter.jpg',4.7,'Asia/Ho_Chi_Minh','2025-09-29 15:49:18','[\"Shopping\", \"Food\", \"Culture\"]','2025-10-03 02:01:15','2025-10-03 02:01:15'),(15,5,'Temple of Literature','Historic Confucian temple, symbol of Hanoi’s culture and education.','08:00:00','17:00:00',NULL,30.00,'https://example.com/img/templeliterature.jpg',4.5,'Asia/Ho_Chi_Minh','2025-09-29 15:49:18','[\"History\", \"Temple\"]','2025-10-03 02:01:15','2025-10-03 02:01:15'),(16,6,'Imperial City of Huế','Walled citadel and palace complex of the Nguyễn Dynasty.','08:00:00','17:00:00',NULL,150000.00,'https://example.com/poi/hue_citadel.jpg',4.7,'Asia/Ho_Chi_Minh','2025-09-29 16:17:13','[\"History\", \"Culture\"]','2025-10-03 02:01:15','2025-10-03 02:01:15'),(17,6,'Thiên Mụ Pagoda','Iconic pagoda on the Perfume River with great views.','07:00:00','18:00:00',NULL,0.00,'https://example.com/poi/thienmu.jpg',4.6,'Asia/Ho_Chi_Minh','2025-09-29 16:17:13','[\"Temple\", \"Spiritual\"]','2025-10-03 02:01:15','2025-10-03 02:01:15'),(18,6,'Huế Royal Tombs','Elaborate imperial tombs scattered around the city.','08:00:00','17:00:00',NULL,100000.00,'https://example.com/poi/royal_tombs.jpg',4.5,'Asia/Ho_Chi_Minh','2025-09-29 16:17:13','[\"History\", \"Architecture\"]','2025-10-03 02:01:15','2025-10-03 02:01:15'),(19,7,'Hội An Ancient Town','UNESCO old town with lantern-lit streets and riverside cafes.','08:00:00','22:00:00',NULL,120000.00,'https://example.com/poi/hoian_oldtown.jpg',4.8,'Asia/Ho_Chi_Minh','2025-09-29 16:17:13','[\"History\", \"Culture\"]','2025-10-03 02:01:15','2025-10-03 02:01:15'),(20,7,'An Bàng Beach','Relaxing beach close to Hội An with calm waters.','06:00:00','18:00:00',NULL,0.00,'https://example.com/poi/anbang.jpg',4.5,'Asia/Ho_Chi_Minh','2025-09-29 16:17:13','[\"Beach\", \"Relaxation\"]','2025-10-03 02:01:15','2025-10-03 02:01:15'),(21,7,'Japanese Covered Bridge','Historic wooden bridge from 18th century.','08:00:00','18:00:00',NULL,60000.00,'https://example.com/poi/japan_bridge.jpg',4.6,'Asia/Ho_Chi_Minh','2025-09-29 16:17:13','[\"History\", \"Architecture\"]','2025-10-03 02:01:15','2025-10-03 02:01:15'),(22,8,'Nha Trang Beach','Long sandy beach with swimming and water sports.','06:00:00','18:00:00',NULL,0.00,'https://example.com/poi/nhatrang_beach.jpg',4.6,'Asia/Ho_Chi_Minh','2025-09-29 16:17:13','[\"Beach\", \"Water Sports\"]','2025-10-03 02:01:15','2025-10-03 02:01:15'),(23,8,'Po Nagar Cham Towers','Ancient Cham temple towers with scenic views.','07:00:00','18:00:00',NULL,50000.00,'https://example.com/poi/ponagar.jpg',4.4,'Asia/Ho_Chi_Minh','2025-09-29 16:17:13','[\"History\", \"Temple\"]','2025-10-03 02:01:15','2025-10-03 02:01:15'),(24,8,'Vinpearl Cable Car & Amusement','Island amusement park accessible by cable car.','09:00:00','21:00:00',NULL,200000.00,'https://example.com/poi/vinpearl.jpg',4.3,'Asia/Ho_Chi_Minh','2025-09-29 16:17:13','[\"Family\", \"Amusement\"]','2025-10-03 02:01:15','2025-10-03 02:01:15'),(25,9,'Sao Beach','White sand beach with clear water and calm waves.','06:00:00','18:00:00',NULL,0.00,'https://example.com/poi/saobeach.jpg',4.7,'Asia/Ho_Chi_Minh','2025-09-29 16:17:13','[\"Beach\", \"Relaxation\"]','2025-10-03 02:01:15','2025-10-03 02:01:15'),(26,9,'Phú Quốc Night Market','Seafood, local vendors, and souvenirs in one area.','18:00:00','23:00:00',NULL,0.00,'https://example.com/poi/phuquoc_nightmarket.jpg',4.4,'Asia/Ho_Chi_Minh','2025-09-29 16:17:13','[\"Food\", \"Nightlife\"]','2025-10-03 02:01:15','2025-10-03 02:01:15'),(27,9,'Vinpearl Safari','Large wildlife park and conservation area.','08:00:00','17:00:00',NULL,150000.00,'https://example.com/poi/safari.jpg',4.3,'Asia/Ho_Chi_Minh','2025-09-29 16:17:13','[\"Family\", \"Nature\"]','2025-10-03 02:01:15','2025-10-03 02:01:15'),(28,10,'Cần Thơ Floating Market (Cái Răng)','Famous floating market on the Mekong River.','05:00:00','10:00:00',NULL,0.00,'https://example.com/poi/cairang.jpg',4.5,'Asia/Ho_Chi_Minh','2025-09-29 16:17:13','[\"Market\", \"Culture\"]','2025-10-03 02:01:15','2025-10-03 02:01:15'),(29,10,'Bình Thủy Ancient House','Historic house showing colonial architecture.','08:00:00','17:00:00',NULL,20000.00,'https://example.com/poi/binhthuy.jpg',4.2,'Asia/Ho_Chi_Minh','2025-09-29 16:17:13','[\"History\", \"Architecture\"]','2025-10-03 02:01:15','2025-10-03 02:01:15'),(30,10,'Ninh Kiều Wharf & Riverside','Riverside park area for walks and river views.','00:00:00','23:59:00',NULL,0.00,'https://example.com/poi/ninhkieu.jpg',4.1,'Asia/Ho_Chi_Minh','2025-09-29 16:17:13','[\"Relaxation\", \"Sightseeing\"]','2025-10-03 02:01:15','2025-10-03 02:01:15'),(31,11,'Royal Palace','Royal residence with classic Khmer architecture.','08:00:00','17:00:00',NULL,40000.00,'https://example.com/poi/royalpalace.jpg',4.6,'Asia/Ho_Chi_Minh','2025-09-29 16:17:13','[\"History\", \"Culture\"]','2025-10-03 02:01:15','2025-10-03 02:01:15'),(32,11,'Tuol Sleng Genocide Museum','Former prison documenting Cambodia\'s tragic past.','08:00:00','17:00:00',NULL,20000.00,'https://example.com/poi/tuolsleng.jpg',4.5,'Asia/Ho_Chi_Minh','2025-09-29 16:17:13','[\"History\", \"Museum\"]','2025-10-03 02:01:15','2025-10-03 02:01:15'),(33,11,'Central Market (Phsar Thmei)','Art deco market for shopping and food.','06:00:00','19:00:00',NULL,0.00,'https://example.com/poi/centralmarket.jpg',4.2,'Asia/Ho_Chi_Minh','2025-09-29 16:17:13','[\"Shopping\", \"Food\"]','2025-10-03 02:01:15','2025-10-03 02:01:15'),(34,12,'Angkor Wat (Main Temple)','World-famous Angkor temple complex.','05:00:00','18:00:00',NULL,372000.00,'https://example.com/poi/angkorwat.jpg',4.9,'Asia/Ho_Chi_Minh','2025-09-29 16:17:13','[\"Temple\", \"History\"]','2025-10-03 02:01:15','2025-10-03 02:01:15'),(35,12,'Ta Prohm (Tomb Raider Temple)','Temple tangled in tree roots popular with photographers.','06:00:00','17:00:00',NULL,372000.00,'https://example.com/poi/taprohm.jpg',4.7,'Asia/Ho_Chi_Minh','2025-09-29 16:17:13','[\"Temple\", \"Photography\"]','2025-10-03 02:01:15','2025-10-03 02:01:15'),(36,12,'Pub Street & Night Market','Bustling night area for food, bars, and shops.','18:00:00','02:00:00',NULL,0.00,'https://example.com/poi/pubstreet.jpg',4.4,'Asia/Ho_Chi_Minh','2025-09-29 16:17:13','[\"Nightlife\", \"Food\"]','2025-10-03 02:01:15','2025-10-03 02:01:15'),(37,13,'Kuang Si Waterfalls','Multi-tiered waterfalls with turquoise pools.','08:00:00','17:00:00',NULL,30000.00,'https://example.com/poi/kuangsi.jpg',4.8,'Asia/Ho_Chi_Minh','2025-09-29 16:17:13','[\"Nature\", \"Swimming\"]','2025-10-03 02:01:15','2025-10-03 02:01:15'),(38,13,'Mount Phousi & Wat Chom Si','Hilltop viewpoint and temple in the town center.','05:00:00','19:00:00',NULL,20000.00,'https://example.com/poi/phousi.jpg',4.6,'Asia/Ho_Chi_Minh','2025-09-29 16:17:13','[\"Temple\", \"Viewpoint\"]','2025-10-03 02:01:15','2025-10-03 02:01:15'),(39,13,'Traditional Night Market','Handicrafts and local food in the evening market.','18:00:00','22:00:00',NULL,0.00,'https://example.com/poi/lp_nightmarket.jpg',4.5,'Asia/Ho_Chi_Minh','2025-09-29 16:17:13','[\"Shopping\", \"Culture\"]','2025-10-03 02:01:15','2025-10-03 02:01:15'),(40,14,'Grand Palace & Wat Phra Kaew','Thailand\'s most famous palace and emerald Buddha temple.','08:30:00','15:30:00',NULL,500.00,'https://example.com/poi/grandpalace.jpg',4.8,'Asia/Ho_Chi_Minh','2025-09-29 16:17:13','[\"Temple\", \"History\"]','2025-10-03 02:01:15','2025-10-03 02:01:15'),(41,14,'Chatuchak Weekend Market','Huge weekend market with everything you can imagine.','09:00:00','18:00:00',NULL,0.00,'https://example.com/poi/chatuchak.jpg',4.4,'Asia/Ho_Chi_Minh','2025-09-29 16:17:13','[\"Shopping\", \"Food\"]','2025-10-03 02:01:15','2025-10-03 02:01:15'),(42,14,'Wat Arun (Temple of Dawn)','Riverside temple with ornate spires, great at sunset.','08:00:00','18:00:00',NULL,100.00,'https://example.com/poi/watarun.jpg',4.6,'Asia/Ho_Chi_Minh','2025-09-29 16:17:13','[\"Temple\", \"Photography\"]','2025-10-03 02:01:15','2025-10-03 02:01:15'),(43,15,'Doi Suthep Temple','Famous mountain temple overlooking Chiang Mai.','06:00:00','17:00:00',NULL,50.00,'https://example.com/poi/doi_suthep.jpg',4.7,'Asia/Ho_Chi_Minh','2025-09-29 16:17:13','[\"Temple\", \"Viewpoint\"]','2025-10-03 02:01:15','2025-10-03 02:01:15'),(44,15,'Chiang Mai Night Bazaar','Vibrant evening bazaar for shopping and street food.','18:00:00','02:00:00',NULL,0.00,'https://example.com/poi/nightbazaar.jpg',4.4,'Asia/Ho_Chi_Minh','2025-09-29 16:17:13','[\"Shopping\", \"Nightlife\"]','2025-10-03 02:01:15','2025-10-03 02:01:15'),(45,15,'Elephant Sanctuary (ethical visit)','Day visits to sanctuaries focusing on ethical elephant care.','08:00:00','17:00:00',NULL,800.00,'https://example.com/poi/elephant.jpg',4.6,'Asia/Ho_Chi_Minh','2025-09-29 16:17:13','[\"Nature\", \"Wildlife\"]','2025-10-03 02:01:15','2025-10-03 02:01:15'),(46,16,'Kuta Beach','Popular surf and sunset beach with nightlife nearby.','06:00:00','19:00:00',NULL,0.00,'https://example.com/poi/kuta.jpg',4.2,'Asia/Makassar','2025-09-29 16:47:12','[\"Beach\", \"Surf\", \"Sunset\"]','2025-10-03 02:01:15','2025-10-03 02:01:15'),(47,16,'Uluwatu Temple & Cliffs','Sea temple on limestone cliffs with Kecak dance at sunset.','08:00:00','20:00:00',NULL,30000.00,'https://example.com/poi/uluwatu.jpg',4.6,'Asia/Makassar','2025-09-29 16:47:12','[\"Temple\", \"Viewpoint\"]','2025-10-03 02:01:15','2025-10-03 02:01:15'),(48,16,'Seminyak Beach','Upscale beach area with resorts, cafes and sunset bars.','07:00:00','20:00:00',NULL,0.00,'https://example.com/poi/seminyak.jpg',4.4,'Asia/Makassar','2025-09-29 16:47:12','[\"Beach\", \"Dining\", \"Relaxation\"]','2025-10-03 02:01:15','2025-10-03 02:01:15'),(49,16,'Nusa Dua','Resort district with calm beaches and water sports.','07:00:00','18:00:00',NULL,0.00,'https://example.com/poi/nusadua.jpg',4.5,'Asia/Makassar','2025-09-29 16:47:12','[\"Resort\", \"Water Sports\"]','2025-10-03 02:01:15','2025-10-03 02:01:15'),(50,16,'Padang Padang (Surf Spot)','Famous reef break for experienced surfers.','06:00:00','18:00:00',NULL,0.00,'https://example.com/poi/padangpadang.jpg',4.3,'Asia/Makassar','2025-09-29 16:47:12','[\"Surf\", \"Beach\"]','2025-10-03 02:01:15','2025-10-03 02:01:15'),(51,17,'House Reef (Resort Access)','Coral reef accessible directly from resort for snorkeling.','00:00:00','23:59:00',NULL,0.00,'https://example.com/poi/housereef.jpg',4.9,'Indian/Maldives','2025-09-29 16:47:12','[\"Snorkeling\", \"Coral\"]','2025-10-03 02:01:15','2025-10-03 02:01:15'),(52,17,'Sandbank Picnic Spots','Private sandbanks for picnics and swimming.','06:00:00','18:00:00',NULL,0.00,'https://example.com/poi/sandbank.jpg',4.8,'Indian/Maldives','2025-09-29 16:47:12','[\"Beach\", \"Private\"]','2025-10-03 02:01:15','2025-10-03 02:01:15'),(53,17,'Dolphin Point','Popular area for dolphin-watching boat trips.','06:00:00','18:00:00',NULL,0.00,'https://example.com/poi/dolphin.jpg',4.7,'Indian/Maldives','2025-09-29 16:47:12','[\"Dolphin Watching\", \"Boat Trip\"]','2025-10-03 02:01:15','2025-10-03 02:01:15'),(54,17,'Sunset Cruise Route','Scenic sunset cruise around atolls.','17:00:00','20:00:00',NULL,0.00,'https://example.com/poi/sunsetcruise.jpg',4.9,'Indian/Maldives','2025-09-29 16:47:12','[\"Cruise\", \"Sunset\"]','2025-10-03 02:01:15','2025-10-03 02:01:15'),(55,17,'Dive Sites (Banana Reef)','World-class dive sites with abundant marine life.','06:00:00','17:00:00',NULL,0.00,'https://example.com/poi/bananareef.jpg',4.9,'Indian/Maldives','2025-09-29 16:47:12','[\"Diving\", \"MarineLife\"]','2025-10-03 02:01:15','2025-10-03 02:01:15'),(56,18,'Surfers Paradise Beach','Iconic long beach with surf, skyline and activities.','06:00:00','19:00:00',NULL,0.00,'https://example.com/poi/surfersparadise.jpg',4.3,'Australia/Brisbane','2025-09-29 16:47:12','[\"Beach\", \"Surf\", \"Nightlife\"]','2025-10-03 02:01:15','2025-10-03 02:01:15'),(57,18,'Broadwater Parklands','Family-friendly waterfront park with playgrounds and boating.','06:00:00','21:00:00',NULL,0.00,'https://example.com/poi/broadwater.jpg',4.2,'Australia/Brisbane','2025-09-29 16:47:12','[\"Family\", \"Boating\"]','2025-10-03 02:01:15','2025-10-03 02:01:15'),(58,18,'Burleigh Heads','Native surf break and national park headland.','06:00:00','18:00:00',NULL,0.00,'https://example.com/poi/burleigh.jpg',4.5,'Australia/Brisbane','2025-09-29 16:47:12','[\"Surf\", \"Nature\"]','2025-10-03 02:01:15','2025-10-03 02:01:15'),(59,18,'Theme Parks (various)','Nearby theme parks — family entertainment.','09:00:00','18:00:00',NULL,1500.00,'https://example.com/poi/themeparks.jpg',4.1,'Australia/Brisbane','2025-09-29 16:47:12','[\"Family\", \"Amusement\"]','2025-10-03 02:01:15','2025-10-03 02:01:15'),(60,18,'Whale Watching (seasonal)','Boat tours for whale watching (seasonal).','06:00:00','18:00:00',NULL,5000.00,'https://example.com/poi/whalewatch.jpg',4.6,'Australia/Brisbane','2025-09-29 16:47:12','[\"Whale Watching\", \"Boat Trip\"]','2025-10-03 02:01:15','2025-10-03 02:01:15'),(61,19,'Oia Cliff & Sunset View','Famous cliffside village for sunset views and photos.','08:00:00','22:00:00',NULL,0.00,'https://example.com/poi/oia.jpg',4.9,'Europe/Athens','2025-09-29 16:47:12','[\"Scenic\", \"Sunset\", \"Photography\"]','2025-10-03 02:01:15','2025-10-03 02:01:15'),(62,19,'Red Beach (Akrotiri)','Unique volcanic sand and cliffs.','07:00:00','18:00:00',NULL,0.00,'https://example.com/poi/redbeach.jpg',4.4,'Europe/Athens','2025-09-29 16:47:12','[\"Beach\", \"Unique\"]','2025-10-03 02:01:15','2025-10-03 02:01:15'),(63,19,'Amoudi Bay','Small bay with cliff diving spots and seafood taverns.','06:00:00','20:00:00',NULL,0.00,'https://example.com/poi/amoudi.jpg',4.6,'Europe/Athens','2025-09-29 16:47:12','[\"Dining\", \"Diving\"]','2025-10-03 02:01:15','2025-10-03 02:01:15'),(64,19,'Ancient Thera','Archaeological site overlooking the sea.','08:00:00','17:00:00',NULL,200.00,'https://example.com/poi/ancientthera.jpg',4.3,'Europe/Athens','2025-09-29 16:47:12','[\"History\", \"Viewpoint\"]','2025-10-03 02:01:15','2025-10-03 02:01:15'),(65,19,'Perissa Black Sand Beach','Volcanic sand beach with watersports.','07:00:00','18:00:00',NULL,0.00,'https://example.com/poi/perissa.jpg',4.2,'Europe/Athens','2025-09-29 16:47:12','[\"Beach\", \"Water Sports\"]','2025-10-03 02:01:15','2025-10-03 02:01:15'),(66,20,'Kaanapali Beach','Family-friendly resort beach with snorkeling and cliff dives.','06:00:00','19:00:00',NULL,0.00,'https://example.com/poi/kaanapali.jpg',4.6,'Pacific/Honolulu','2025-09-29 16:47:13','[\"Beach\", \"Snorkeling\"]','2025-10-03 02:01:15','2025-10-03 02:01:15'),(67,20,'Haleakalā Summit (views)','Volcanic summit offering sunrise views - not a beach but iconic.','03:00:00','17:00:00',NULL,30.00,'https://example.com/poi/haleakala.jpg',4.9,'Pacific/Honolulu','2025-09-29 16:47:13','[\"Viewpoint\", \"Nature\"]','2025-10-03 02:01:15','2025-10-03 02:01:15'),(68,20,'Molokini Crater (snorkel/dive)','Protected marine crater for snorkeling and diving.','06:00:00','16:00:00',NULL,6000.00,'https://example.com/poi/molokini.jpg',4.9,'Pacific/Honolulu','2025-09-29 16:47:13','[\"Snorkeling\", \"Diving\"]','2025-10-03 02:01:15','2025-10-03 02:01:15'),(69,20,'Road to Hana (coastal waterfalls)','Scenic coastal drive with beaches, waterfalls and pools.','06:00:00','19:00:00',NULL,0.00,'https://example.com/poi/roadtohana.jpg',4.8,'Pacific/Honolulu','2025-09-29 16:47:13','[\"Scenic\", \"Nature\"]','2025-10-03 02:01:15','2025-10-03 02:01:15'),(70,20,'Lahaina Harbor & Front Street','Historic whaling town area with boat trips and dining.','08:00:00','22:00:00',NULL,0.00,'https://example.com/poi/lahaina.jpg',4.4,'Pacific/Honolulu','2025-09-29 16:47:13','[\"Dining\", \"Boating\", \"Nightlife\"]','2025-10-03 02:01:15','2025-10-03 02:01:15'),(71,21,'Harder Kulm','Viewpoint overlooking Interlaken and surrounding Alps.','08:00:00','20:00:00',0.00,10.00,'harder.jpg',4.7,'Europe/Zurich','2025-10-02 14:30:28','[\"viewpoint\", \"mountain\"]','2025-10-03 02:01:15','2025-10-03 02:01:15'),(72,21,'Lake Brienz','Scenic turquoise lake for boat rides.','06:00:00','18:00:00',0.00,0.00,'brienz.jpg',4.8,'Europe/Zurich','2025-10-02 14:30:28','[\"lake\", \"nature\"]','2025-10-03 02:01:15','2025-10-03 02:01:15'),(73,21,'Lake Thun','Lake with castles and alpine views.','06:00:00','18:00:00',0.00,0.00,'thun.jpg',4.6,'Europe/Zurich','2025-10-02 14:30:28','[\"lake\", \"nature\"]','2025-10-03 02:01:15','2025-10-03 02:01:15'),(74,21,'Jungfraujoch','Top of Europe railway and viewpoint.','07:00:00','17:00:00',0.00,120.00,'jungfraujoch.jpg',4.9,'Europe/Zurich','2025-10-02 14:30:28','[\"mountain\", \"snow\", \"scenic\"]','2025-10-03 02:01:15','2025-10-03 02:01:15'),(75,21,'Aare Gorge','Natural gorge with wooden walkways.','09:00:00','18:00:00',0.00,8.00,'aare.jpg',4.5,'Europe/Zurich','2025-10-02 14:30:28','[\"nature\", \"gorge\"]','2025-10-03 02:01:15','2025-10-03 02:01:15'),(76,22,'Skyline Gondola','Cable car ride with panoramic views.','09:00:00','21:00:00',0.00,40.00,'skyline.jpg',4.8,'Pacific/Auckland','2025-10-02 14:33:05','[\"view\", \"adventure\"]','2025-10-03 02:01:15','2025-10-03 02:01:15'),(77,22,'Lake Wakatipu','Lake surrounded by mountains, popular for cruises.','06:00:00','20:00:00',0.00,0.00,'wakatipu.jpg',4.7,'Pacific/Auckland','2025-10-02 14:33:05','[\"lake\", \"nature\"]','2025-10-03 02:01:15','2025-10-03 02:01:15'),(78,22,'Shotover Jet','High-speed jet boat rides in narrow canyons.','09:00:00','17:00:00',0.00,150.00,'shotover.jpg',4.9,'Pacific/Auckland','2025-10-02 14:33:05','[\"adventure\", \"water\"]','2025-10-03 02:01:15','2025-10-03 02:01:15'),(79,22,'Coronet Peak','Popular ski resort near Queenstown.','08:00:00','16:00:00',0.00,100.00,'coronet.jpg',4.6,'Pacific/Auckland','2025-10-02 14:33:05','[\"ski\", \"mountain\"]','2025-10-03 02:01:15','2025-10-03 02:01:15'),(80,22,'Milford Sound','Fjord with waterfalls, cruises, and kayaking.','07:00:00','19:00:00',0.00,120.00,'milford.jpg',4.9,'Pacific/Auckland','2025-10-02 14:33:05','[\"fjord\", \"nature\", \"cruise\"]','2025-10-03 02:01:15','2025-10-03 02:01:15'),(81,23,'Lake Louise','Glacial lake with turquoise waters.','06:00:00','20:00:00',0.00,0.00,'louise.jpg',4.9,'America/Edmonton','2025-10-02 14:33:05','[\"lake\", \"mountain\", \"nature\"]','2025-10-03 02:01:15','2025-10-03 02:01:15'),(82,23,'Moraine Lake','Famous glacially-fed lake in Banff NP.','06:00:00','20:00:00',0.00,0.00,'moraine.jpg',4.8,'America/Edmonton','2025-10-02 14:33:05','[\"lake\", \"mountain\", \"hiking\"]','2025-10-03 02:01:15','2025-10-03 02:01:15'),(83,23,'Banff Gondola','Cable car up Sulphur Mountain.','09:00:00','21:00:00',0.00,60.00,'banffgondola.jpg',4.7,'America/Edmonton','2025-10-02 14:33:05','[\"view\", \"mountain\"]','2025-10-03 02:01:15','2025-10-03 02:01:15'),(84,23,'Johnston Canyon','Hiking trail with waterfalls.','07:00:00','19:00:00',0.00,0.00,'johnston.jpg',4.6,'America/Edmonton','2025-10-02 14:33:05','[\"hiking\", \"waterfall\", \"nature\"]','2025-10-03 02:01:15','2025-10-03 02:01:15'),(85,23,'Icefields Parkway','Scenic highway with glaciers and wildlife.','00:00:00','23:59:59',0.00,0.00,'icefields.jpg',4.8,'America/Edmonton','2025-10-02 14:33:05','[\"scenic\", \"roadtrip\", \"nature\"]','2025-10-03 02:01:15','2025-10-03 02:01:15'),(86,24,'Phewa Lake','Large freshwater lake with boating.','06:00:00','18:00:00',0.00,0.00,'phewa.jpg',4.6,'Asia/Kathmandu','2025-10-02 14:33:05','[\"lake\", \"nature\"]','2025-10-03 02:01:15','2025-10-03 02:01:15'),(87,24,'Sarangkot','Hilltop village famous for sunrise views.','05:00:00','20:00:00',0.00,0.00,'sarangkot.jpg',4.8,'Asia/Kathmandu','2025-10-02 14:33:05','[\"view\", \"mountain\"]','2025-10-03 02:01:15','2025-10-03 02:01:15'),(88,24,'World Peace Pagoda','Buddhist stupa overlooking Pokhara.','07:00:00','18:00:00',0.00,1.00,'pagoda.jpg',4.7,'Asia/Kathmandu','2025-10-02 14:33:05','[\"culture\", \"view\"]','2025-10-03 02:01:15','2025-10-03 02:01:15'),(89,24,'Davis Falls','Waterfall disappearing into an underground tunnel.','07:00:00','19:00:00',0.00,0.50,'davis.jpg',4.4,'Asia/Kathmandu','2025-10-02 14:33:05','[\"waterfall\", \"nature\"]','2025-10-03 02:01:15','2025-10-03 02:01:15'),(90,24,'Gupteshwor Cave','Sacred cave near Davis Falls.','08:00:00','18:00:00',0.00,1.00,'gupteshwor.jpg',4.5,'Asia/Kathmandu','2025-10-02 14:33:05','[\"cave\", \"culture\"]','2025-10-03 02:01:15','2025-10-03 02:01:15'),(96,26,'Aiguille du Midi','Cable car to 3842m peak.','07:00:00','17:00:00',0.00,60.00,'aiguille.jpg',4.9,'Europe/Paris','2025-10-02 14:33:05','[\"mountain\", \"ski\", \"view\"]','2025-10-03 02:01:15','2025-10-03 02:01:15'),(97,26,'Montenvers Railway','Scenic train to Mer de Glace glacier.','08:00:00','18:00:00',0.00,40.00,'montenvers.jpg',4.7,'Europe/Paris','2025-10-02 14:33:05','[\"glacier\", \"train\", \"view\"]','2025-10-03 02:01:15','2025-10-03 02:01:15'),(98,26,'Mer de Glace','Largest glacier in France.','08:00:00','18:00:00',0.00,10.00,'merdeglace.jpg',4.6,'Europe/Paris','2025-10-02 14:33:05','[\"glacier\", \"nature\"]','2025-10-03 02:01:15','2025-10-03 02:01:15'),(99,26,'Brevent Cable Car','Cable car with Mont Blanc views.','08:00:00','17:00:00',0.00,30.00,'brevent.jpg',4.5,'Europe/Paris','2025-10-02 14:33:05','[\"view\", \"mountain\"]','2025-10-03 02:01:15','2025-10-03 02:01:15'),(100,26,'Chamonix Alpine Museum','Museum of mountaineering history.','09:00:00','18:00:00',0.00,5.00,'museum.jpg',4.3,'Europe/Paris','2025-10-02 14:33:05','[\"museum\", \"culture\"]','2025-10-03 02:01:15','2025-10-03 02:01:15'),(101,27,'Sacsayhuamán','Inca fortress ruins overlooking Cusco.','08:00:00','17:00:00',0.00,10.00,'sacsayhuaman.jpg',4.7,'America/Lima','2025-10-02 14:33:05','[\"ruins\", \"culture\"]','2025-10-03 02:01:15','2025-10-03 02:01:15'),(102,27,'Qorikancha','Temple of the Sun with Spanish convent.','08:00:00','17:00:00',0.00,5.00,'qorikancha.jpg',4.6,'America/Lima','2025-10-02 14:33:05','[\"temple\", \"culture\"]','2025-10-03 02:01:15','2025-10-03 02:01:15'),(103,27,'San Pedro Market','Traditional market in Cusco.','07:00:00','19:00:00',0.00,0.00,'sanpedro.jpg',4.5,'America/Lima','2025-10-02 14:33:05','[\"market\", \"culture\"]','2025-10-03 02:01:15','2025-10-03 02:01:15'),(104,27,'Plaza de Armas','Main square of Cusco.','00:00:00','23:59:59',0.00,0.00,'plaza.jpg',4.8,'America/Lima','2025-10-02 14:33:05','[\"square\", \"culture\"]','2025-10-03 02:01:15','2025-10-03 02:01:15'),(105,27,'Sacred Valley','Valley with ruins and villages.','07:00:00','18:00:00',0.00,5.00,'sacredvalley.jpg',4.9,'America/Lima','2025-10-02 14:33:05','[\"nature\", \"valley\"]','2025-10-03 02:01:15','2025-10-03 02:01:15'),(106,28,'Matterhorn Glacier Paradise','Highest cable car station in Europe.','08:00:00','17:00:00',0.00,80.00,'matterhorn.jpg',4.9,'Europe/Zurich','2025-10-02 14:33:05','[\"mountain\", \"ski\", \"view\"]','2025-10-03 02:01:15','2025-10-03 02:01:15'),(107,28,'Gornergrat Railway','Cogwheel train with Matterhorn views.','07:00:00','19:00:00',0.00,60.00,'gornergrat.jpg',4.8,'Europe/Zurich','2025-10-02 14:33:05','[\"train\", \"mountain\", \"view\"]','2025-10-03 02:01:15','2025-10-03 02:01:15'),(108,28,'Sunnegga Paradise','Family-friendly ski area.','08:00:00','17:00:00',0.00,50.00,'sunnegga.jpg',4.6,'Europe/Zurich','2025-10-02 14:33:05','[\"ski\", \"mountain\"]','2025-10-03 02:01:15','2025-10-03 02:01:15'),(109,28,'Matterhorn Museum','Museum of local alpine history.','09:00:00','18:00:00',0.00,8.00,'museum.jpg',4.4,'Europe/Zurich','2025-10-02 14:33:05','[\"museum\", \"culture\"]','2025-10-03 02:01:15','2025-10-03 02:01:15'),(110,28,'Five Lakes Walk','Scenic hike around five alpine lakes.','06:00:00','18:00:00',0.00,0.00,'fivelakes.jpg',4.7,'Europe/Zurich','2025-10-02 14:33:05','[\"hiking\", \"lake\", \"nature\"]','2025-10-03 02:01:15','2025-10-03 02:01:15'),(111,29,'Maroon Bells','Iconic peaks with hiking trails.','06:00:00','20:00:00',0.00,10.00,'maroon.jpg',4.9,'America/Denver','2025-10-02 14:33:05','[\"mountain\", \"hiking\"]','2025-10-03 02:01:15','2025-10-03 02:01:15'),(112,29,'Aspen Mountain','Ski resort with gondola access.','08:00:00','16:00:00',0.00,100.00,'aspenmtn.jpg',4.8,'America/Denver','2025-10-02 14:33:05','[\"ski\", \"mountain\"]','2025-10-03 02:01:15','2025-10-03 02:01:15'),(113,29,'Independence Pass','High-altitude scenic road.','00:00:00','23:59:59',0.00,0.00,'independence.jpg',4.7,'America/Denver','2025-10-02 14:33:05','[\"roadtrip\", \"scenic\"]','2025-10-03 02:01:15','2025-10-03 02:01:15'),(114,29,'John Denver Sanctuary','Park with nature trails and tributes.','06:00:00','21:00:00',0.00,0.00,'denver.jpg',4.6,'America/Denver','2025-10-02 14:33:05','[\"park\", \"culture\"]','2025-10-03 02:01:15','2025-10-03 02:01:15'),(115,29,'Snowmass','Large ski resort near Aspen.','08:00:00','16:00:00',0.00,100.00,'snowmass.jpg',4.7,'America/Denver','2025-10-02 14:33:05','[\"ski\", \"mountain\"]','2025-10-03 02:01:15','2025-10-03 02:01:15'),(116,30,'Shanti Stupa','Buddhist stupa with panoramic views.','07:00:00','19:00:00',0.00,2.00,'shanti.jpg',4.7,'Asia/Kolkata','2025-10-02 14:33:05','[\"stupa\", \"culture\"]','2025-10-03 02:01:15','2025-10-03 02:01:15'),(117,30,'Leh Palace','Historic palace with views over Leh.','09:00:00','17:00:00',0.00,1.00,'lehpalace.jpg',4.6,'Asia/Kolkata','2025-10-02 14:33:05','[\"palace\", \"culture\"]','2025-10-03 02:01:15','2025-10-03 02:01:15'),(118,30,'Magnetic Hill','Optical illusion where cars appear to roll uphill.','09:00:00','17:00:00',0.00,0.00,'magnetic.jpg',4.5,'Asia/Kolkata','2025-10-02 14:33:05','[\"nature\", \"illusion\"]','2025-10-03 02:01:15','2025-10-03 02:01:15'),(119,30,'Thiksey Monastery','Large monastery resembling Potala Palace.','06:00:00','18:00:00',0.00,1.00,'thiksey.jpg',4.8,'Asia/Kolkata','2025-10-02 14:33:05','[\"monastery\", \"culture\"]','2025-10-03 02:01:15','2025-10-03 02:01:15'),(120,30,'Pangong Lake','High-altitude lake shared with Tibet.','06:00:00','18:00:00',0.00,0.00,'pangong.jpg',4.9,'Asia/Kolkata','2025-10-02 14:33:05','[\"lake\", \"nature\", \"scenic\"]','2025-10-03 02:01:15','2025-10-03 02:01:15');
/*!40000 ALTER TABLE `pois` ENABLE KEYS */;
UNLOCK TABLES;

--
-- Table structure for table `results`
--

DROP TABLE IF EXISTS `results`;
/*!40101 SET @saved_cs_client     = @@character_set_client */;
/*!50503 SET character_set_client = utf8mb4 */;
CREATE TABLE `results` (
  `result_id` int NOT NULL AUTO_INCREMENT,
  `place_id` int NOT NULL,
  `user_id` int DEFAULT NULL,
  `preferences` json NOT NULL,
  `createdAt` datetime NOT NULL,
  `updatedAt` datetime NOT NULL,
  PRIMARY KEY (`result_id`),
  KEY `place_id` (`place_id`),
  KEY `user_id` (`user_id`),
  CONSTRAINT `results_ibfk_1` FOREIGN KEY (`place_id`) REFERENCES `places` (`place_id`) ON DELETE CASCADE ON UPDATE CASCADE,
  CONSTRAINT `results_ibfk_2` FOREIGN KEY (`user_id`) REFERENCES `users` (`id`) ON DELETE SET NULL ON UPDATE CASCADE
) ENGINE=InnoDB AUTO_INCREMENT=56 DEFAULT CHARSET=utf8mb4 COLLATE=utf8mb4_0900_ai_ci;
/*!40101 SET character_set_client = @saved_cs_client */;

--
-- Dumping data for table `results`
--

LOCK TABLES `results` WRITE;
/*!40000 ALTER TABLE `results` DISABLE KEYS */;
INSERT INTO `results` VALUES (1,3,2,'{\"budget\": 15000000, \"weather\": {}, \"weights\": {\"budget\": 1, \"scenery\": 9, \"weather\": 1, \"activity\": 3}, \"total_travel_days\": 2, \"scenery_requirement\": [\"Mountains\"], \"activity_requirement\": []}','2026-01-14 19:10:12','2026-01-14 19:10:12'),(2,16,2,'{\"budget\": 26500000, \"weather\": {\"avg_temp\": 27, \"humidity\": 40, \"weather_type\": \"Sunny\"}, \"weights\": {\"budget\": 4, \"scenery\": 9, \"weather\": 6, \"activity\": 1}, \"travel_month\": \"Jul\", \"total_travel_days\": 2, \"scenery_requirement\": [\"Views\", \"Relaxation\", \"Temples\"], \"activity_requirement\": []}','2026-01-15 19:50:02','2026-01-15 19:50:02'),(3,24,5,'{\"budget\": 22500000, \"weather\": {\"avg_temp\": 15, \"humidity\": 30, \"weather_type\": \"Sunny\"}, \"weights\": {\"budget\": 9, \"scenery\": 1, \"weather\": 7, \"activity\": 3}, \"travel_month\": \"Dec\", \"total_travel_days\": 5, \"scenery_requirement\": [\"Temples\", \"Getaway\", \"Heritage\"], \"activity_requirement\": []}','2026-01-15 19:59:47','2026-01-15 19:59:47'),(4,1,NULL,'{\"budget\": 37000000, \"weather\": {\"avg_temp\": null, \"humidity\": null, \"weather_type\": null}, \"weights\": {\"budget\": 1, \"scenery\": 1, \"weather\": 1, \"activity\": 1}, \"travel_month\": null, \"total_travel_days\": 1, \"scenery_requirement\": [\"Coast\"], \"activity_requirement\": []}','2026-01-15 20:00:06','2026-01-15 20:00:06'),(5,1,NULL,'{\"budget\": 5000000, \"weather\": {\"avg_temp\": null, \"humidity\": null, \"weather_type\": null}, \"weights\": {\"budget\": 1, \"scenery\": 1, \"weather\": 1, \"activity\": 1}, \"travel_month\": null, \"total_travel_days\": 0, \"scenery_requirement\": [], \"activity_requirement\": []}','2026-01-17 19:46:06','2026-01-17 19:46:06'),(6,1,NULL,'{\"budget\": 5000000, \"weather\": {\"avg_temp\": null, \"humidity\": null, \"weather_type\": null}, \"weights\": {\"budget\": 1, \"scenery\": 1, \"weather\": 1, \"activity\": 1}, \"travel_month\": null, \"total_travel_days\": 0, \"scenery_requirement\": [], \"activity_requirement\": []}','2026-01-17 19:50:20','2026-01-17 19:50:20'),(7,1,NULL,'{\"budget\": 17000000, \"weather\": {\"avg_temp\": null, \"humidity\": null, \"weather_type\": null}, \"weights\": {\"budget\": 1, \"scenery\": 1, \"weather\": 1, \"activity\": 1}, \"travel_month\": null, \"total_travel_days\": 0, \"scenery_requirement\": [], \"activity_requirement\": []}','2026-01-17 19:50:27','2026-01-17 19:50:27'),(8,1,NULL,'{\"budget\": 64500000, \"weather\": {\"avg_temp\": null, \"humidity\": null, \"weather_type\": null}, \"weights\": {\"budget\": 1, \"scenery\": 1, \"weather\": 1, \"activity\": 1}, \"travel_month\": null, \"total_travel_days\": 0, \"scenery_requirement\": [], \"activity_requirement\": []}','2026-01-17 19:51:11','2026-01-17 19:51:11'),(9,1,NULL,'{\"budget\": 48000000, \"weather\": {\"avg_temp\": null, \"humidity\": null, \"weather_type\": null}, \"weights\": {\"budget\": 1, \"scenery\": 1, \"weather\": 1, \"activity\": 1}, \"travel_month\": null, \"total_travel_days\": 0, \"scenery_requirement\": [], \"activity_requirement\": []}','2026-01-17 19:52:44','2026-01-17 19:52:44'),(10,1,NULL,'{\"budget\": 39000000, \"weather\": {\"avg_temp\": null, \"humidity\": null, \"weather_type\": null}, \"weights\": {\"budget\": 1, \"scenery\": 1, \"weather\": 1, \"activity\": 1}, \"travel_month\": null, \"total_travel_days\": 0, \"scenery_requirement\": [], \"activity_requirement\": []}','2026-01-17 19:53:25','2026-01-17 19:53:25'),(11,1,NULL,'{\"budget\": 500000, \"weather\": {\"avg_temp\": null, \"humidity\": null, \"weather_type\": null}, \"weights\": {\"budget\": 1, \"scenery\": 1, \"weather\": 1, \"activity\": 1}, \"travel_month\": null, \"total_travel_days\": 0, \"scenery_requirement\": [], \"activity_requirement\": []}','2026-01-17 19:53:33','2026-01-17 19:53:33'),(12,1,NULL,'{\"budget\": 5000000, \"weather\": {\"avg_temp\": null, \"humidity\": null, \"weather_type\": null}, \"weights\": {\"budget\": 1, \"scenery\": 1, \"weather\": 1, \"activity\": 1}, \"travel_month\": null, \"total_travel_days\": 0, \"scenery_requirement\": [], \"activity_requirement\": []}','2026-01-17 19:53:46','2026-01-17 19:53:46'),(13,9,NULL,'{\"budget\": 5000000, \"weather\": {\"avg_temp\": null, \"humidity\": null, \"weather_type\": null}, \"weights\": {\"budget\": 1, \"scenery\": 1, \"weather\": 1, \"activity\": 1}, \"travel_month\": null, \"total_travel_days\": 0, \"scenery_requirement\": [\"Islands\"], \"activity_requirement\": []}','2026-01-17 19:54:37','2026-01-17 19:54:37'),(14,1,NULL,'{\"budget\": 5000000, \"weather\": {\"avg_temp\": null, \"humidity\": null, \"weather_type\": null}, \"weights\": {\"budget\": 1, \"scenery\": 1, \"weather\": 1, \"activity\": 1}, \"travel_month\": null, \"total_travel_days\": 0, \"scenery_requirement\": [], \"activity_requirement\": [\"Coral Tour\"]}','2026-01-17 19:54:50','2026-01-17 19:54:50'),(15,27,NULL,'{\"budget\": 5000000, \"weather\": {\"avg_temp\": 15, \"humidity\": null, \"weather_type\": null}, \"weights\": {\"budget\": 1, \"scenery\": 1, \"weather\": 1, \"activity\": 1}, \"travel_month\": \"Oct\", \"total_travel_days\": 0, \"scenery_requirement\": [], \"activity_requirement\": []}','2026-01-17 19:55:17','2026-01-17 19:55:17'),(16,19,NULL,'{\"budget\": 39000000, \"weather\": {\"avg_temp\": null, \"humidity\": null, \"weather_type\": null}, \"weights\": {\"budget\": 9, \"scenery\": 3, \"weather\": 5, \"activity\": 2}, \"travel_month\": null, \"total_travel_days\": 0, \"scenery_requirement\": [\"Views\", \"Temples\", \"Romance\"], \"activity_requirement\": []}','2026-01-17 19:57:40','2026-01-17 19:57:40'),(17,1,NULL,'{\"budget\": 42500000, \"weather\": {\"avg_temp\": null, \"humidity\": null, \"weather_type\": null}, \"weights\": {\"budget\": 1, \"scenery\": 1, \"weather\": 1, \"activity\": 1}, \"travel_month\": null, \"total_travel_days\": 0, \"scenery_requirement\": [], \"activity_requirement\": []}','2026-01-17 20:12:47','2026-01-17 20:12:47'),(18,1,NULL,'{\"budget\": 5000000, \"weather\": {\"avg_temp\": null, \"humidity\": null, \"weather_type\": null}, \"weights\": {\"budget\": 1, \"scenery\": 1, \"weather\": 1, \"activity\": 1}, \"travel_month\": null, \"total_travel_days\": 0, \"scenery_requirement\": [], \"activity_requirement\": [\"Hiking\"]}','2026-01-17 20:27:49','2026-01-17 20:27:49'),(19,29,1,'{\"budget\": 80500000, \"weather\": {\"avg_temp\": 15, \"humidity\": 20, \"weather_type\": \"Sunny\"}, \"weights\": {\"budget\": 3, \"scenery\": 9, \"weather\": 1, \"activity\": 6}, \"travel_month\": \"May\", \"total_travel_days\": 6, \"scenery_requirement\": [\"Sunsets\", \"Snow\", \"Romance\", \"Luxury\", \"Family\"], \"activity_requirement\": [\"Museum Visit\", \"Night Market Stroll\", \"Shopping\", \"Sightseeing\"]}','2026-01-17 20:35:29','2026-01-17 20:35:29'),(20,29,NULL,'{\"budget\": 15000000, \"weather\": {\"avg_temp\": 25, \"humidity\": 30, \"weather_type\": \"Sunny\"}, \"weights\": {\"budget\": 1, \"scenery\": 9, \"weather\": 1, \"activity\": 3}, \"travel_month\": \"Aug\", \"total_travel_days\": 2, \"scenery_requirement\": [\"Mountains\"], \"activity_requirement\": [\"Swimming\", \"Nightlife\", \"surfing\", \"shopping\", \"Natural\"]}','2026-01-18 14:30:12','2026-01-18 14:30:12'),(21,9,1,'{\"budget\": 55000000, \"weather\": {\"avg_temp\": 25, \"humidity\": null, \"weather_type\": null}, \"weights\": {\"budget\": 8, \"scenery\": 3, \"weather\": 4, \"activity\": 6}, \"travel_month\": \"Aug\", \"total_travel_days\": 12, \"scenery_requirement\": [\"Cuisine\", \"Family\", \"Forests\", \"Relaxation\", \"Reefs\"], \"activity_requirement\": [\"Beach Relaxation\", \"Beach Volleyball\", \"Fishing\", \"Cycling\"]}','2026-01-18 16:05:22','2026-01-18 16:05:22'),(22,10,6,'{\"budget\": 15000000, \"weather\": {\"avg_temp\": null, \"humidity\": null, \"weather_type\": null}, \"weights\": {\"budget\": 1, \"scenery\": 9, \"weather\": 1, \"activity\": 1}, \"travel_month\": null, \"total_travel_days\": 10, \"scenery_requirement\": [\"Cuisine\"], \"activity_requirement\": []}','2026-01-18 18:59:48','2026-01-18 18:59:48'),(23,11,6,'{\"budget\": 17000000, \"weather\": {\"avg_temp\": null, \"humidity\": null, \"weather_type\": null}, \"weights\": {\"budget\": 9, \"scenery\": 1, \"weather\": 1, \"activity\": 1}, \"travel_month\": null, \"total_travel_days\": 10, \"scenery_requirement\": [\"Cuisine\"], \"activity_requirement\": []}','2026-01-18 19:19:08','2026-01-18 19:19:08'),(24,6,NULL,'{\"budget\": 18500000, \"weather\": {\"avg_temp\": 20, \"humidity\": null, \"weather_type\": \"Sunny\"}, \"weights\": {\"budget\": 6, \"scenery\": 4, \"weather\": 3, \"activity\": 7}, \"travel_month\": \"May\", \"total_travel_days\": 7, \"scenery_requirement\": [\"Views\", \"Mountains\", \"Luxury\", \"Cuisine\"], \"activity_requirement\": [\"Cycling\", \"Photography\", \"River Cruise\", \"Snowboarding\"]}','2026-01-18 19:31:58','2026-01-18 19:31:58'),(25,1,1,'{\"budget\": 37500000, \"weather\": {\"avg_temp\": null, \"humidity\": null, \"weather_type\": null}, \"weights\": {\"budget\": 5, \"scenery\": 1, \"weather\": 1, \"activity\": 1}, \"travel_month\": null, \"total_travel_days\": 12, \"scenery_requirement\": [], \"activity_requirement\": []}','2026-01-18 19:43:45','2026-01-18 19:43:45'),(26,2,1,'{\"budget\": 38500000, \"weather\": {\"avg_temp\": null, \"humidity\": null, \"weather_type\": null}, \"weights\": {\"budget\": 1, \"scenery\": 1, \"weather\": 1, \"activity\": 1}, \"travel_month\": null, \"total_travel_days\": 5, \"scenery_requirement\": [\"Cuisine\", \"Luxury\", \"Islands\", \"Heritage\", \"Mountains\"], \"activity_requirement\": []}','2026-01-18 19:44:56','2026-01-18 19:44:56'),(27,1,6,'{\"budget\": 65500000, \"weather\": {\"avg_temp\": null, \"humidity\": null, \"weather_type\": null}, \"weights\": {\"budget\": 1, \"scenery\": 1, \"weather\": 1, \"activity\": 1}, \"travel_month\": null, \"total_travel_days\": 10, \"scenery_requirement\": [], \"activity_requirement\": []}','2026-01-19 02:59:08','2026-01-19 02:59:08'),(28,18,6,'{\"budget\": 5000000, \"weather\": {\"avg_temp\": 15, \"humidity\": null, \"weather_type\": \"Cloudy\"}, \"weights\": {\"budget\": 1, \"scenery\": 3, \"weather\": 5, \"activity\": 7}, \"travel_month\": \"Jun\", \"total_travel_days\": 0, \"scenery_requirement\": [\"Views\"], \"activity_requirement\": [\"Horseback Riding\"]}','2026-01-19 03:04:33','2026-01-19 03:04:33'),(29,6,6,'{\"budget\": 22500000, \"weather\": {\"avg_temp\": 15, \"humidity\": 50, \"weather_type\": \"Rainy\"}, \"weights\": {\"budget\": 9, \"scenery\": 5, \"weather\": 3, \"activity\": 8}, \"travel_month\": \"Jun\", \"total_travel_days\": 15, \"scenery_requirement\": [\"Cuisine\", \"Coast\", \"Family\", \"Forests\"], \"activity_requirement\": [\"Dolphin Watching\", \"Cultural Performance\", \"Fishing\"]}','2026-01-19 03:05:45','2026-01-19 03:05:45'),(30,7,NULL,'{\"budget\": 18000000, \"weather\": {\"avg_temp\": 25, \"humidity\": 50, \"weather_type\": \"Windy\"}, \"weights\": {\"budget\": 9, \"scenery\": 4, \"weather\": 3, \"activity\": 8}, \"travel_month\": \"Aug\", \"total_travel_days\": 7, \"scenery_requirement\": [\"Islands\", \"Coast\", \"Cuisine\"], \"activity_requirement\": [\"Beach Relaxation\", \"Coral Tour\", \"Dolphin Watching\"]}','2026-01-19 03:07:52','2026-01-19 03:07:52'),(31,6,NULL,'{\"budget\": 22500000, \"weather\": {\"avg_temp\": 25, \"humidity\": 50, \"weather_type\": \"Sunny\"}, \"weights\": {\"budget\": 9, \"scenery\": 3, \"weather\": 5, \"activity\": 7}, \"travel_month\": \"Aug\", \"total_travel_days\": 10, \"scenery_requirement\": [\"Cuisine\", \"Nightlife\", \"Relaxation\"], \"activity_requirement\": [\"Cycling\", \"Hiking\", \"Cultural Performance\"]}','2026-01-19 03:11:15','2026-01-19 03:11:15'),(32,15,6,'{\"budget\": 39000000, \"weather\": {\"avg_temp\": 25, \"humidity\": null, \"weather_type\": \"Cloudy\"}, \"weights\": {\"budget\": 8, \"scenery\": 5, \"weather\": 1, \"activity\": 1}, \"travel_month\": \"Oct\", \"total_travel_days\": 5, \"scenery_requirement\": [\"Temples\"], \"activity_requirement\": []}','2026-01-19 05:48:31','2026-01-19 05:48:31'),(33,24,NULL,'{\"budget\": 45000000, \"weather\": {\"avg_temp\": 25, \"humidity\": 50, \"weather_type\": \"Sunny\"}, \"weights\": {\"budget\": 1, \"scenery\": 9, \"weather\": 5, \"activity\": 8}, \"travel_month\": \"Oct\", \"total_travel_days\": 5, \"scenery_requirement\": [\"Mountains\", \"Relaxation\", \"Forests\", \"Views\"], \"activity_requirement\": [\"Hiking\"]}','2026-01-19 05:51:49','2026-01-19 05:51:49'),(34,22,NULL,'{\"budget\": 36500000, \"weather\": {\"avg_temp\": 25, \"humidity\": null, \"weather_type\": \"Sunny\"}, \"weights\": {\"budget\": 1, \"scenery\": 9, \"weather\": 2, \"activity\": 6}, \"travel_month\": \"Apr\", \"total_travel_days\": 5, \"scenery_requirement\": [\"Mountains\", \"Nature\", \"Getaway\"], \"activity_requirement\": [\"Hiking\", \"Camping\", \"Cycling\"]}','2026-01-19 05:54:53','2026-01-19 05:54:53'),(35,4,NULL,'{\"budget\": 22500000, \"weather\": {\"avg_temp\": null, \"humidity\": null, \"weather_type\": null}, \"weights\": {\"budget\": 1, \"scenery\": 9, \"weather\": 1, \"activity\": 1}, \"travel_month\": null, \"total_travel_days\": 10, \"scenery_requirement\": [\"Mountains\", \"Heritage\"], \"activity_requirement\": []}','2026-01-19 05:55:32','2026-01-19 05:55:32'),(36,5,NULL,'{\"budget\": 16000000, \"weather\": {\"avg_temp\": 20, \"humidity\": null, \"weather_type\": \"Sunny\"}, \"weights\": {\"budget\": 1, \"scenery\": 9, \"weather\": 4, \"activity\": 8}, \"travel_month\": \"Apr\", \"total_travel_days\": 3, \"scenery_requirement\": [\"Mountains\", \"Nature\", \"Heritage\"], \"activity_requirement\": [\"Hiking\", \"Cycling\"]}','2026-01-19 05:58:24','2026-01-19 05:58:24'),(37,7,NULL,'{\"budget\": 15000000, \"weather\": {\"avg_temp\": 25, \"humidity\": 20, \"weather_type\": \"Sunny\"}, \"weights\": {\"budget\": 9, \"scenery\": 3, \"weather\": 7, \"activity\": 2}, \"travel_month\": \"May\", \"total_travel_days\": 7, \"scenery_requirement\": [\"Coast\", \"Cuisine\", \"Family\"], \"activity_requirement\": [\"Beach Relaxation\", \"Camping\", \"Coffee Tasting\"]}','2026-01-19 06:14:24','2026-01-19 06:14:24'),(38,7,NULL,'{\"budget\": 15000000, \"weather\": {\"avg_temp\": 25, \"humidity\": 20, \"weather_type\": \"Sunny\"}, \"weights\": {\"budget\": 2, \"scenery\": 9, \"weather\": 4, \"activity\": 8}, \"travel_month\": \"May\", \"total_travel_days\": 7, \"scenery_requirement\": [\"Coast\", \"Cuisine\", \"Family\"], \"activity_requirement\": [\"Beach Relaxation\", \"Camping\", \"Coffee Tasting\"]}','2026-01-19 06:14:27','2026-01-19 06:14:27'),(39,7,NULL,'{\"budget\": 15000000, \"weather\": {\"avg_temp\": 25, \"humidity\": 20, \"weather_type\": \"Sunny\"}, \"weights\": {\"budget\": 9, \"scenery\": 1, \"weather\": 8, \"activity\": 5}, \"travel_month\": \"May\", \"total_travel_days\": 7, \"scenery_requirement\": [\"Coast\", \"Cuisine\", \"Family\"], \"activity_requirement\": [\"Beach Relaxation\", \"Camping\", \"Coffee Tasting\"]}','2026-01-19 06:15:38','2026-01-19 06:15:38'),(40,18,NULL,'{\"budget\": 25000000, \"weather\": {\"avg_temp\": 25, \"humidity\": 40, \"weather_type\": \"Sunny\"}, \"weights\": {\"budget\": 9, \"scenery\": 2, \"weather\": 8, \"activity\": 1}, \"travel_month\": \"Oct\", \"total_travel_days\": 3, \"scenery_requirement\": [\"Forests\", \"Cuisine\", \"Family\"], \"activity_requirement\": []}','2026-01-19 06:17:07','2026-01-19 06:17:07'),(41,18,NULL,'{\"budget\": 25000000, \"weather\": {\"avg_temp\": 25, \"humidity\": 40, \"weather_type\": \"Sunny\"}, \"weights\": {\"budget\": 1, \"scenery\": 9, \"weather\": 3, \"activity\": 1}, \"travel_month\": \"Oct\", \"total_travel_days\": 3, \"scenery_requirement\": [\"Family\", \"Forests\", \"Cuisine\"], \"activity_requirement\": []}','2026-01-19 06:17:10','2026-01-19 06:17:10'),(42,18,NULL,'{\"budget\": 25000000, \"weather\": {\"avg_temp\": 25, \"humidity\": 40, \"weather_type\": \"Sunny\"}, \"weights\": {\"budget\": 1, \"scenery\": 1, \"weather\": 1, \"activity\": 1}, \"travel_month\": \"Oct\", \"total_travel_days\": 3, \"scenery_requirement\": [\"Cuisine\", \"Family\", \"Forests\"], \"activity_requirement\": []}','2026-01-19 06:17:57','2026-01-19 06:17:57'),(43,1,NULL,'{\"budget\": 150000, \"weather\": {\"avg_temp\": null, \"humidity\": null, \"weather_type\": null}, \"weights\": {\"budget\": 9, \"scenery\": 1, \"weather\": 1, \"activity\": 1}, \"travel_month\": null, \"total_travel_days\": 5, \"scenery_requirement\": [], \"activity_requirement\": []}','2026-01-19 06:18:48','2026-01-19 06:18:48'),(44,1,NULL,'{\"budget\": 15000000, \"weather\": {\"avg_temp\": null, \"humidity\": null, \"weather_type\": null}, \"weights\": {\"budget\": 1, \"scenery\": 9, \"weather\": 6, \"activity\": 8}, \"travel_month\": null, \"total_travel_days\": 5, \"scenery_requirement\": [], \"activity_requirement\": []}','2026-01-19 06:19:05','2026-01-19 06:19:05'),(45,7,NULL,'{\"budget\": 15000000, \"weather\": {\"avg_temp\": null, \"humidity\": null, \"weather_type\": null}, \"weights\": {\"budget\": 2, \"scenery\": 9, \"weather\": 1, \"activity\": 9}, \"travel_month\": null, \"total_travel_days\": 7, \"scenery_requirement\": [\"Coast\", \"Cuisine\", \"Reefs\"], \"activity_requirement\": [\"Beach Relaxation\", \"Boat Tour\"]}','2026-01-19 06:20:20','2026-01-19 06:20:20'),(46,7,NULL,'{\"budget\": 15000000, \"weather\": {\"avg_temp\": null, \"humidity\": null, \"weather_type\": null}, \"weights\": {\"budget\": 9, \"scenery\": 3, \"weather\": 1, \"activity\": 2}, \"travel_month\": null, \"total_travel_days\": 7, \"scenery_requirement\": [\"Cuisine\", \"Coast\", \"Reefs\"], \"activity_requirement\": [\"Beach Relaxation\", \"Boat Tour\"]}','2026-01-19 06:20:23','2026-01-19 06:20:23'),(47,17,NULL,'{\"budget\": 9000000, \"weather\": {\"avg_temp\": 25, \"humidity\": null, \"weather_type\": \"Sunny\"}, \"weights\": {\"budget\": 1, \"scenery\": 9, \"weather\": 1, \"activity\": 9}, \"travel_month\": \"Jun\", \"total_travel_days\": 7, \"scenery_requirement\": [\"Coast\", \"Luxury\"], \"activity_requirement\": [\"Kayaking\", \"Rock Climbing\"]}','2026-01-19 06:23:11','2026-01-19 06:23:11'),(48,11,NULL,'{\"budget\": 9000000, \"weather\": {\"avg_temp\": 25, \"humidity\": null, \"weather_type\": \"Sunny\"}, \"weights\": {\"budget\": 9, \"scenery\": 2, \"weather\": 1, \"activity\": 2}, \"travel_month\": \"Jun\", \"total_travel_days\": 7, \"scenery_requirement\": [\"Luxury\", \"Coast\"], \"activity_requirement\": [\"Kayaking\", \"Scuba Diving\"]}','2026-01-19 06:23:15','2026-01-19 06:23:15'),(49,1,NULL,'{\"budget\": 57000000, \"weather\": {\"avg_temp\": null, \"humidity\": null, \"weather_type\": null}, \"weights\": {\"budget\": 1, \"scenery\": 1, \"weather\": 1, \"activity\": 1}, \"travel_month\": null, \"total_travel_days\": 7, \"scenery_requirement\": [], \"activity_requirement\": []}','2026-01-19 06:36:11','2026-01-19 06:36:11'),(50,7,NULL,'{\"budget\": 93500000, \"weather\": {\"avg_temp\": null, \"humidity\": null, \"weather_type\": null}, \"weights\": {\"budget\": 4, \"scenery\": 9, \"weather\": 1, \"activity\": 4}, \"travel_month\": null, \"total_travel_days\": 5, \"scenery_requirement\": [], \"activity_requirement\": [\"Boat Party\", \"Beach Relaxation\", \"Fishing\"]}','2026-01-19 07:58:19','2026-01-19 07:58:19'),(51,11,6,'{\"budget\": 5000000, \"weather\": {\"avg_temp\": null, \"humidity\": null, \"weather_type\": null}, \"weights\": {\"budget\": 1, \"scenery\": 1, \"weather\": 1, \"activity\": 1}, \"travel_month\": null, \"total_travel_days\": 5, \"scenery_requirement\": [], \"activity_requirement\": []}','2026-01-19 07:58:53','2026-01-19 07:58:53'),(52,1,6,'{\"budget\": 41000000, \"weather\": {\"avg_temp\": 25, \"humidity\": null, \"weather_type\": null}, \"weights\": {\"budget\": 5, \"scenery\": 4, \"weather\": 1, \"activity\": 7}, \"travel_month\": \"Sep\", \"total_travel_days\": 10, \"scenery_requirement\": [\"Cuisine\", \"Family\", \"Getaway\"], \"activity_requirement\": []}','2026-01-29 11:23:52','2026-01-29 11:23:52'),(53,24,NULL,'{\"budget\": 13500001, \"weather\": {\"avg_temp\": 25, \"humidity\": 40, \"weather_type\": null}, \"weights\": {\"budget\": 9, \"scenery\": 7, \"weather\": 2, \"activity\": 4}, \"travel_month\": \"May\", \"total_travel_days\": 10, \"scenery_requirement\": [\"Islands\", \"Forests\", \"Luxury\", \"Mountains\"], \"activity_requirement\": [\"Scuba Diving\", \"Boat Tour\"]}','2026-01-30 07:31:45','2026-01-30 07:31:45'),(54,1,6,'{\"budget\": 29500000, \"weather\": {\"avg_temp\": null, \"humidity\": null, \"weather_type\": null}, \"weights\": {\"budget\": 1, \"scenery\": 1, \"weather\": 1, \"activity\": 1}, \"travel_month\": null, \"total_travel_days\": 5, \"scenery_requirement\": [], \"activity_requirement\": []}','2026-01-30 07:44:56','2026-01-30 07:44:56'),(55,3,6,'{\"budget\": 11000000, \"weather\": {\"avg_temp\": null, \"humidity\": null, \"weather_type\": null}, \"weights\": {\"budget\": 1, \"scenery\": 1, \"weather\": 1, \"activity\": 1}, \"travel_month\": null, \"total_travel_days\": 5, \"scenery_requirement\": [\"Family\", \"Forests\", \"Coast\"], \"activity_requirement\": []}','2026-01-30 07:47:47','2026-01-30 07:47:47');
/*!40000 ALTER TABLE `results` ENABLE KEYS */;
UNLOCK TABLES;

--
-- Table structure for table `users`
--

DROP TABLE IF EXISTS `users`;
/*!40101 SET @saved_cs_client     = @@character_set_client */;
/*!50503 SET character_set_client = utf8mb4 */;
CREATE TABLE `users` (
  `id` int NOT NULL AUTO_INCREMENT,
  `username` varchar(100) NOT NULL,
  `hashed_password` varchar(255) NOT NULL,
  `email` varchar(150) DEFAULT NULL,
  `created_at` timestamp NULL DEFAULT CURRENT_TIMESTAMP,
  `createdAt` datetime NOT NULL DEFAULT CURRENT_TIMESTAMP,
  `updatedAt` datetime NOT NULL DEFAULT CURRENT_TIMESTAMP ON UPDATE CURRENT_TIMESTAMP,
  PRIMARY KEY (`id`),
  UNIQUE KEY `username` (`username`),
  UNIQUE KEY `email` (`email`)
) ENGINE=InnoDB AUTO_INCREMENT=7 DEFAULT CHARSET=utf8mb4 COLLATE=utf8mb4_0900_ai_ci;
/*!40101 SET character_set_client = @saved_cs_client */;

--
-- Dumping data for table `users`
--

LOCK TABLES `users` WRITE;
/*!40000 ALTER TABLE `users` DISABLE KEYS */;
INSERT INTO `users` VALUES (1,'user1','$2b$10$lvEnc3LFWW7SmbT94pNXX.qDYfDd/MPj9gta7es/gLlfY4JURgi3i',NULL,'2026-01-07 17:02:23','2026-01-07 17:02:23','2026-01-07 17:02:23'),(2,'user2','$2b$10$62CY3l3Vo2KqsQ1hChGOQ.v0Mjxj65wy33qzgKcEY6xCjvJ9onqv6',NULL,'2026-01-12 08:23:13','2026-01-12 08:23:13','2026-01-12 08:23:13'),(3,'abc123','$2b$10$lo9SiLzTTEWJ1oHG5R/0..xWSrLSCiWRTsnIV6gOyXh7/JC0Nq6q.',NULL,'2026-01-15 19:23:33','2026-01-15 19:23:33','2026-01-15 19:23:33'),(4,'1234abc','$2b$10$GuRzywuC8rCTJDsrQmSfh.e4iu.kJHAoC8wz0WObcKnMe5xq9rum2',NULL,'2026-01-15 19:29:41','2026-01-15 19:29:41','2026-01-15 19:29:41'),(5,'321a','$2b$10$6jhT4kAAJwLcRcuwmhLkD.EHlEassRkfjckziYJpeMvjlrTUtfmOi','a3@gmail.com','2026-01-15 19:34:48','2026-01-15 19:34:48','2026-01-15 19:34:48'),(6,'admin','$2b$10$ouyMnXaV.XFiyiGvyJVjOeJmnBU7/dRUScaUiE2oGwZ3WAPSi4MqW','admin@gmail.com','2026-01-18 15:00:36','2026-01-18 15:00:36','2026-01-18 15:00:36');
/*!40000 ALTER TABLE `users` ENABLE KEYS */;
UNLOCK TABLES;

--
-- Table structure for table `weather`
--

DROP TABLE IF EXISTS `weather`;
/*!40101 SET @saved_cs_client     = @@character_set_client */;
/*!50503 SET character_set_client = utf8mb4 */;
CREATE TABLE `weather` (
  `weather_id` int NOT NULL AUTO_INCREMENT,
  `place_id` int NOT NULL,
  `month` enum('Jan','Feb','Mar','Apr','May','Jun','Jul','Aug','Sep','Oct','Nov','Dec') NOT NULL,
  `avg_temp` float DEFAULT NULL,
  `temp_unit` varchar(5) DEFAULT 'C',
  `humidity` float DEFAULT NULL,
  `weather_type` enum('Sunny','Rainy','Snowy','Cloudy','Windy','Stormy','Foggy','Humid','Hot','Cool','Dry') DEFAULT NULL,
  `createdAt` datetime NOT NULL DEFAULT CURRENT_TIMESTAMP,
  `updatedAt` datetime NOT NULL DEFAULT CURRENT_TIMESTAMP ON UPDATE CURRENT_TIMESTAMP,
  PRIMARY KEY (`weather_id`),
  KEY `place_id` (`place_id`),
  CONSTRAINT `weather_ibfk_1` FOREIGN KEY (`place_id`) REFERENCES `places` (`place_id`) ON DELETE CASCADE
) ENGINE=InnoDB AUTO_INCREMENT=361 DEFAULT CHARSET=utf8mb4 COLLATE=utf8mb4_0900_ai_ci;
/*!40101 SET character_set_client = @saved_cs_client */;

--
-- Dumping data for table `weather`
--

LOCK TABLES `weather` WRITE;
/*!40000 ALTER TABLE `weather` DISABLE KEYS */;
INSERT INTO `weather` VALUES (1,1,'Jan',26,'C',70,'Sunny','2025-10-03 02:01:49','2025-10-03 02:01:49'),(2,1,'Feb',27,'C',72,'Sunny','2025-10-03 02:01:49','2025-10-03 02:01:49'),(3,1,'Mar',28,'C',75,'Sunny','2025-10-03 02:01:49','2025-10-03 02:01:49'),(4,1,'Apr',29,'C',78,'Rainy','2025-10-03 02:01:49','2025-10-03 02:01:49'),(5,1,'May',30,'C',82,'Rainy','2025-10-03 02:01:49','2025-10-03 02:01:49'),(6,1,'Jun',30.5,'C',85,'Rainy','2025-10-03 02:01:49','2025-10-03 02:01:49'),(7,1,'Jul',29.5,'C',86,'Rainy','2025-10-03 02:01:49','2025-10-03 02:01:49'),(8,1,'Aug',29,'C',85,'Rainy','2025-10-03 02:01:49','2025-10-03 02:01:49'),(9,1,'Sep',28.5,'C',83,'Rainy','2025-10-03 02:01:49','2025-10-03 02:01:49'),(10,1,'Oct',28,'C',80,'Cloudy','2025-10-03 02:01:49','2025-10-03 02:01:49'),(11,1,'Nov',27,'C',75,'Cloudy','2025-10-03 02:01:49','2025-10-03 02:01:49'),(12,1,'Dec',26,'C',72,'Sunny','2025-10-03 02:01:49','2025-10-03 02:01:49'),(13,2,'Jan',27,'C',65,'Sunny','2025-10-03 02:01:49','2025-10-03 02:01:49'),(14,2,'Feb',28,'C',68,'Sunny','2025-10-03 02:01:49','2025-10-03 02:01:49'),(15,2,'Mar',29,'C',72,'Sunny','2025-10-03 02:01:49','2025-10-03 02:01:49'),(16,2,'Apr',30.5,'C',76,'Sunny','2025-10-03 02:01:49','2025-10-03 02:01:49'),(17,2,'May',30,'C',82,'Rainy','2025-10-03 02:01:49','2025-10-03 02:01:49'),(18,2,'Jun',29.5,'C',85,'Rainy','2025-10-03 02:01:49','2025-10-03 02:01:49'),(19,2,'Jul',29,'C',86,'Rainy','2025-10-03 02:01:49','2025-10-03 02:01:49'),(20,2,'Aug',29,'C',86,'Rainy','2025-10-03 02:01:49','2025-10-03 02:01:49'),(21,2,'Sep',28.5,'C',84,'Rainy','2025-10-03 02:01:49','2025-10-03 02:01:49'),(22,2,'Oct',28,'C',80,'Rainy','2025-10-03 02:01:49','2025-10-03 02:01:49'),(23,2,'Nov',27.5,'C',74,'Cloudy','2025-10-03 02:01:49','2025-10-03 02:01:49'),(24,2,'Dec',27,'C',70,'Sunny','2025-10-03 02:01:49','2025-10-03 02:01:49'),(25,3,'Jan',18,'C',65,'Sunny','2025-10-03 02:01:49','2025-10-03 02:01:49'),(26,3,'Feb',19,'C',60,'Sunny','2025-10-03 02:01:49','2025-10-03 02:01:49'),(27,3,'Mar',20,'C',62,'Sunny','2025-10-03 02:01:49','2025-10-03 02:01:49'),(28,3,'Apr',21,'C',65,'Cloudy','2025-10-03 02:01:49','2025-10-03 02:01:49'),(29,3,'May',20.5,'C',75,'Rainy','2025-10-03 02:01:49','2025-10-03 02:01:49'),(30,3,'Jun',20,'C',80,'Rainy','2025-10-03 02:01:49','2025-10-03 02:01:49'),(31,3,'Jul',19.5,'C',82,'Rainy','2025-10-03 02:01:49','2025-10-03 02:01:49'),(32,3,'Aug',19,'C',83,'Rainy','2025-10-03 02:01:49','2025-10-03 02:01:49'),(33,3,'Sep',19.5,'C',80,'Rainy','2025-10-03 02:01:49','2025-10-03 02:01:49'),(34,3,'Oct',20,'C',75,'Cloudy','2025-10-03 02:01:49','2025-10-03 02:01:49'),(35,3,'Nov',19,'C',70,'Cloudy','2025-10-03 02:01:49','2025-10-03 02:01:49'),(36,3,'Dec',18,'C',65,'Sunny','2025-10-03 02:01:49','2025-10-03 02:01:49'),(37,4,'Jan',10,'C',65,'Cloudy','2025-10-03 02:01:49','2025-10-03 02:01:49'),(38,4,'Feb',12,'C',60,'Cloudy','2025-10-03 02:01:49','2025-10-03 02:01:49'),(39,4,'Mar',15,'C',65,'Sunny','2025-10-03 02:01:49','2025-10-03 02:01:49'),(40,4,'Apr',18,'C',70,'Sunny','2025-10-03 02:01:49','2025-10-03 02:01:49'),(41,4,'May',20,'C',78,'Rainy','2025-10-03 02:01:49','2025-10-03 02:01:49'),(42,4,'Jun',22,'C',82,'Rainy','2025-10-03 02:01:49','2025-10-03 02:01:49'),(43,4,'Jul',22.5,'C',84,'Rainy','2025-10-03 02:01:49','2025-10-03 02:01:49'),(44,4,'Aug',22,'C',83,'Rainy','2025-10-03 02:01:49','2025-10-03 02:01:49'),(45,4,'Sep',21,'C',80,'Rainy','2025-10-03 02:01:49','2025-10-03 02:01:49'),(46,4,'Oct',18,'C',72,'Cloudy','2025-10-03 02:01:49','2025-10-03 02:01:49'),(47,4,'Nov',14,'C',68,'Cloudy','2025-10-03 02:01:49','2025-10-03 02:01:49'),(48,4,'Dec',11,'C',65,'Cloudy','2025-10-03 02:01:49','2025-10-03 02:01:49'),(49,5,'Jan',16,'C',70,'Cloudy','2025-10-03 02:01:49','2025-10-03 02:01:49'),(50,5,'Feb',17,'C',72,'Cloudy','2025-10-03 02:01:49','2025-10-03 02:01:49'),(51,5,'Mar',20,'C',75,'Cloudy','2025-10-03 02:01:49','2025-10-03 02:01:49'),(52,5,'Apr',24,'C',78,'Sunny','2025-10-03 02:01:49','2025-10-03 02:01:49'),(53,5,'May',28,'C',82,'Rainy','2025-10-03 02:01:49','2025-10-03 02:01:49'),(54,5,'Jun',30,'C',85,'Rainy','2025-10-03 02:01:49','2025-10-03 02:01:49'),(55,5,'Jul',30.5,'C',86,'Rainy','2025-10-03 02:01:49','2025-10-03 02:01:49'),(56,5,'Aug',30,'C',85,'Rainy','2025-10-03 02:01:49','2025-10-03 02:01:49'),(57,5,'Sep',28,'C',80,'Rainy','2025-10-03 02:01:49','2025-10-03 02:01:49'),(58,5,'Oct',25,'C',75,'Cloudy','2025-10-03 02:01:49','2025-10-03 02:01:49'),(59,5,'Nov',21,'C',72,'Cloudy','2025-10-03 02:01:49','2025-10-03 02:01:49'),(60,5,'Dec',17,'C',70,'Cloudy','2025-10-03 02:01:49','2025-10-03 02:01:49'),(61,6,'Jan',20,'C',85,'Cloudy','2025-10-03 02:01:49','2025-10-03 02:01:49'),(62,6,'Feb',22,'C',82,'Sunny','2025-10-03 02:01:49','2025-10-03 02:01:49'),(63,6,'Mar',26,'C',75,'Sunny','2025-10-03 02:01:49','2025-10-03 02:01:49'),(64,6,'Apr',28,'C',70,'Sunny','2025-10-03 02:01:49','2025-10-03 02:01:49'),(65,6,'May',30,'C',72,'Sunny','2025-10-03 02:01:49','2025-10-03 02:01:49'),(66,6,'Jun',31,'C',78,'Rainy','2025-10-03 02:01:49','2025-10-03 02:01:49'),(67,6,'Jul',32,'C',80,'Rainy','2025-10-03 02:01:49','2025-10-03 02:01:49'),(68,6,'Aug',31,'C',82,'Rainy','2025-10-03 02:01:49','2025-10-03 02:01:49'),(69,6,'Sep',29,'C',80,'Rainy','2025-10-03 02:01:49','2025-10-03 02:01:49'),(70,6,'Oct',25,'C',75,'Rainy','2025-10-03 02:01:49','2025-10-03 02:01:49'),(71,6,'Nov',23,'C',78,'Cloudy','2025-10-03 02:01:49','2025-10-03 02:01:49'),(72,6,'Dec',21,'C',80,'Cloudy','2025-10-03 02:01:49','2025-10-03 02:01:49'),(73,7,'Jan',21,'C',82,'Cloudy','2025-10-03 02:01:49','2025-10-03 02:01:49'),(74,7,'Feb',23,'C',80,'Sunny','2025-10-03 02:01:49','2025-10-03 02:01:49'),(75,7,'Mar',27,'C',75,'Sunny','2025-10-03 02:01:49','2025-10-03 02:01:49'),(76,7,'Apr',29,'C',70,'Sunny','2025-10-03 02:01:49','2025-10-03 02:01:49'),(77,7,'May',31,'C',72,'Sunny','2025-10-03 02:01:49','2025-10-03 02:01:49'),(78,7,'Jun',32,'C',78,'Rainy','2025-10-03 02:01:49','2025-10-03 02:01:49'),(79,7,'Jul',33,'C',78,'Rainy','2025-10-03 02:01:49','2025-10-03 02:01:49'),(80,7,'Aug',32,'C',80,'Rainy','2025-10-03 02:01:49','2025-10-03 02:01:49'),(81,7,'Sep',30,'C',82,'Rainy','2025-10-03 02:01:49','2025-10-03 02:01:49'),(82,7,'Oct',26,'C',80,'Rainy','2025-10-03 02:01:49','2025-10-03 02:01:49'),(83,7,'Nov',24,'C',82,'Cloudy','2025-10-03 02:01:49','2025-10-03 02:01:49'),(84,7,'Dec',22,'C',83,'Cloudy','2025-10-03 02:01:49','2025-10-03 02:01:49'),(85,8,'Jan',25,'C',70,'Sunny','2025-10-03 02:01:49','2025-10-03 02:01:49'),(86,8,'Feb',26,'C',72,'Sunny','2025-10-03 02:01:49','2025-10-03 02:01:49'),(87,8,'Mar',28,'C',74,'Sunny','2025-10-03 02:01:49','2025-10-03 02:01:49'),(88,8,'Apr',30,'C',75,'Sunny','2025-10-03 02:01:49','2025-10-03 02:01:49'),(89,8,'May',31,'C',77,'Sunny','2025-10-03 02:01:49','2025-10-03 02:01:49'),(90,8,'Jun',30,'C',80,'Rainy','2025-10-03 02:01:49','2025-10-03 02:01:49'),(91,8,'Jul',29,'C',80,'Rainy','2025-10-03 02:01:49','2025-10-03 02:01:49'),(92,8,'Aug',29,'C',82,'Rainy','2025-10-03 02:01:49','2025-10-03 02:01:49'),(93,8,'Sep',28,'C',82,'Rainy','2025-10-03 02:01:49','2025-10-03 02:01:49'),(94,8,'Oct',28,'C',78,'Rainy','2025-10-03 02:01:49','2025-10-03 02:01:49'),(95,8,'Nov',27,'C',75,'Cloudy','2025-10-03 02:01:49','2025-10-03 02:01:49'),(96,8,'Dec',26,'C',72,'Sunny','2025-10-03 02:01:49','2025-10-03 02:01:49'),(97,9,'Jan',26,'C',75,'Sunny','2025-10-03 02:01:49','2025-10-03 02:01:49'),(98,9,'Feb',27,'C',76,'Sunny','2025-10-03 02:01:49','2025-10-03 02:01:49'),(99,9,'Mar',28,'C',77,'Sunny','2025-10-03 02:01:49','2025-10-03 02:01:49'),(100,9,'Apr',29,'C',78,'Sunny','2025-10-03 02:01:49','2025-10-03 02:01:49'),(101,9,'May',30,'C',80,'Sunny','2025-10-03 02:01:49','2025-10-03 02:01:49'),(102,9,'Jun',30,'C',82,'Rainy','2025-10-03 02:01:49','2025-10-03 02:01:49'),(103,9,'Jul',29.5,'C',82,'Rainy','2025-10-03 02:01:49','2025-10-03 02:01:49'),(104,9,'Aug',29,'C',83,'Rainy','2025-10-03 02:01:49','2025-10-03 02:01:49'),(105,9,'Sep',28.5,'C',82,'Rainy','2025-10-03 02:01:49','2025-10-03 02:01:49'),(106,9,'Oct',28,'C',80,'Rainy','2025-10-03 02:01:49','2025-10-03 02:01:49'),(107,9,'Nov',27,'C',78,'Cloudy','2025-10-03 02:01:49','2025-10-03 02:01:49'),(108,9,'Dec',26.5,'C',76,'Sunny','2025-10-03 02:01:49','2025-10-03 02:01:49'),(109,10,'Jan',26,'C',78,'Sunny','2025-10-03 02:01:49','2025-10-03 02:01:49'),(110,10,'Feb',27,'C',78,'Sunny','2025-10-03 02:01:49','2025-10-03 02:01:49'),(111,10,'Mar',29,'C',80,'Sunny','2025-10-03 02:01:49','2025-10-03 02:01:49'),(112,10,'Apr',31,'C',80,'Sunny','2025-10-03 02:01:49','2025-10-03 02:01:49'),(113,10,'May',32,'C',82,'Sunny','2025-10-03 02:01:49','2025-10-03 02:01:49'),(114,10,'Jun',31,'C',85,'Rainy','2025-10-03 02:01:49','2025-10-03 02:01:49'),(115,10,'Jul',30,'C',85,'Rainy','2025-10-03 02:01:49','2025-10-03 02:01:49'),(116,10,'Aug',30,'C',85,'Rainy','2025-10-03 02:01:49','2025-10-03 02:01:49'),(117,10,'Sep',29,'C',83,'Rainy','2025-10-03 02:01:49','2025-10-03 02:01:49'),(118,10,'Oct',28,'C',82,'Rainy','2025-10-03 02:01:49','2025-10-03 02:01:49'),(119,10,'Nov',27,'C',80,'Cloudy','2025-10-03 02:01:49','2025-10-03 02:01:49'),(120,10,'Dec',26,'C',78,'Sunny','2025-10-03 02:01:49','2025-10-03 02:01:49'),(121,11,'Jan',27,'C',70,'Sunny','2025-10-03 02:01:49','2025-10-03 02:01:49'),(122,11,'Feb',28,'C',68,'Sunny','2025-10-03 02:01:49','2025-10-03 02:01:49'),(123,11,'Mar',30,'C',70,'Sunny','2025-10-03 02:01:49','2025-10-03 02:01:49'),(124,11,'Apr',32,'C',75,'Sunny','2025-10-03 02:01:49','2025-10-03 02:01:49'),(125,11,'May',32.5,'C',80,'Rainy','2025-10-03 02:01:49','2025-10-03 02:01:49'),(126,11,'Jun',32,'C',85,'Rainy','2025-10-03 02:01:49','2025-10-03 02:01:49'),(127,11,'Jul',31,'C',85,'Rainy','2025-10-03 02:01:49','2025-10-03 02:01:49'),(128,11,'Aug',31,'C',85,'Rainy','2025-10-03 02:01:49','2025-10-03 02:01:49'),(129,11,'Sep',30,'C',85,'Rainy','2025-10-03 02:01:49','2025-10-03 02:01:49'),(130,11,'Oct',29,'C',80,'Rainy','2025-10-03 02:01:49','2025-10-03 02:01:49'),(131,11,'Nov',28,'C',75,'Cloudy','2025-10-03 02:01:49','2025-10-03 02:01:49'),(132,11,'Dec',27,'C',72,'Sunny','2025-10-03 02:01:49','2025-10-03 02:01:49'),(133,12,'Jan',26,'C',68,'Sunny','2025-10-03 02:01:49','2025-10-03 02:01:49'),(134,12,'Feb',28,'C',65,'Sunny','2025-10-03 02:01:49','2025-10-03 02:01:49'),(135,12,'Mar',30,'C',68,'Sunny','2025-10-03 02:01:49','2025-10-03 02:01:49'),(136,12,'Apr',32,'C',75,'Sunny','2025-10-03 02:01:49','2025-10-03 02:01:49'),(137,12,'May',33,'C',80,'Rainy','2025-10-03 02:01:49','2025-10-03 02:01:49'),(138,12,'Jun',32,'C',85,'Rainy','2025-10-03 02:01:49','2025-10-03 02:01:49'),(139,12,'Jul',31,'C',85,'Rainy','2025-10-03 02:01:49','2025-10-03 02:01:49'),(140,12,'Aug',31,'C',85,'Rainy','2025-10-03 02:01:49','2025-10-03 02:01:49'),(141,12,'Sep',30,'C',85,'Rainy','2025-10-03 02:01:49','2025-10-03 02:01:49'),(142,12,'Oct',29,'C',80,'Rainy','2025-10-03 02:01:49','2025-10-03 02:01:49'),(143,12,'Nov',28,'C',75,'Cloudy','2025-10-03 02:01:49','2025-10-03 02:01:49'),(144,12,'Dec',27,'C',70,'Sunny','2025-10-03 02:01:49','2025-10-03 02:01:49'),(145,13,'Jan',19,'C',65,'Cloudy','2025-10-03 02:01:49','2025-10-03 02:01:49'),(146,13,'Feb',22,'C',60,'Sunny','2025-10-03 02:01:49','2025-10-03 02:01:49'),(147,13,'Mar',26,'C',65,'Sunny','2025-10-03 02:01:49','2025-10-03 02:01:49'),(148,13,'Apr',29,'C',70,'Sunny','2025-10-03 02:01:49','2025-10-03 02:01:49'),(149,13,'May',30,'C',75,'Sunny','2025-10-03 02:01:49','2025-10-03 02:01:49'),(150,13,'Jun',29,'C',80,'Rainy','2025-10-03 02:01:49','2025-10-03 02:01:49'),(151,13,'Jul',28,'C',85,'Rainy','2025-10-03 02:01:49','2025-10-03 02:01:49'),(152,13,'Aug',28,'C',85,'Rainy','2025-10-03 02:01:49','2025-10-03 02:01:49'),(153,13,'Sep',27,'C',85,'Rainy','2025-10-03 02:01:49','2025-10-03 02:01:49'),(154,13,'Oct',26,'C',78,'Cloudy','2025-10-03 02:01:49','2025-10-03 02:01:49'),(155,13,'Nov',23,'C',70,'Cloudy','2025-10-03 02:01:49','2025-10-03 02:01:49'),(156,13,'Dec',20,'C',65,'Cloudy','2025-10-03 02:01:49','2025-10-03 02:01:49'),(157,14,'Jan',27,'C',65,'Sunny','2025-10-03 02:01:49','2025-10-03 02:01:49'),(158,14,'Feb',28,'C',65,'Sunny','2025-10-03 02:01:49','2025-10-03 02:01:49'),(159,14,'Mar',30,'C',70,'Sunny','2025-10-03 02:01:49','2025-10-03 02:01:49'),(160,14,'Apr',32,'C',75,'Sunny','2025-10-03 02:01:49','2025-10-03 02:01:49'),(161,14,'May',32.5,'C',80,'Rainy','2025-10-03 02:01:49','2025-10-03 02:01:49'),(162,14,'Jun',32,'C',82,'Rainy','2025-10-03 02:01:49','2025-10-03 02:01:49'),(163,14,'Jul',31,'C',85,'Rainy','2025-10-03 02:01:49','2025-10-03 02:01:49'),(164,14,'Aug',31,'C',85,'Rainy','2025-10-03 02:01:49','2025-10-03 02:01:49'),(165,14,'Sep',30,'C',85,'Rainy','2025-10-03 02:01:49','2025-10-03 02:01:49'),(166,14,'Oct',29,'C',80,'Rainy','2025-10-03 02:01:49','2025-10-03 02:01:49'),(167,14,'Nov',28,'C',75,'Cloudy','2025-10-03 02:01:49','2025-10-03 02:01:49'),(168,14,'Dec',27,'C',70,'Sunny','2025-10-03 02:01:49','2025-10-03 02:01:49'),(169,15,'Jan',18,'C',60,'Cloudy','2025-10-03 02:01:49','2025-10-03 02:01:49'),(170,15,'Feb',22,'C',58,'Sunny','2025-10-03 02:01:49','2025-10-03 02:01:49'),(171,15,'Mar',27,'C',65,'Sunny','2025-10-03 02:01:49','2025-10-03 02:01:49'),(172,15,'Apr',31,'C',70,'Sunny','2025-10-03 02:01:49','2025-10-03 02:01:49'),(173,15,'May',32,'C',75,'Sunny','2025-10-03 02:01:49','2025-10-03 02:01:49'),(174,15,'Jun',31,'C',80,'Rainy','2025-10-03 02:01:49','2025-10-03 02:01:49'),(175,15,'Jul',30,'C',82,'Rainy','2025-10-03 02:01:49','2025-10-03 02:01:49'),(176,15,'Aug',29,'C',85,'Rainy','2025-10-03 02:01:49','2025-10-03 02:01:49'),(177,15,'Sep',28,'C',85,'Rainy','2025-10-03 02:01:49','2025-10-03 02:01:49'),(178,15,'Oct',26,'C',78,'Cloudy','2025-10-03 02:01:49','2025-10-03 02:01:49'),(179,15,'Nov',23,'C',70,'Cloudy','2025-10-03 02:01:49','2025-10-03 02:01:49'),(180,15,'Dec',20,'C',65,'Cloudy','2025-10-03 02:01:49','2025-10-03 02:01:49'),(181,16,'Jan',29,'C',78,'Rainy','2025-10-03 02:01:49','2025-10-03 02:01:49'),(182,16,'Feb',29,'C',79,'Rainy','2025-10-03 02:01:49','2025-10-03 02:01:49'),(183,16,'Mar',29,'C',78,'Rainy','2025-10-03 02:01:49','2025-10-03 02:01:49'),(184,16,'Apr',28,'C',75,'Sunny','2025-10-03 02:01:49','2025-10-03 02:01:49'),(185,16,'May',27.5,'C',73,'Sunny','2025-10-03 02:01:49','2025-10-03 02:01:49'),(186,16,'Jun',26.5,'C',70,'Sunny','2025-10-03 02:01:49','2025-10-03 02:01:49'),(187,16,'Jul',26,'C',68,'Sunny','2025-10-03 02:01:49','2025-10-03 02:01:49'),(188,16,'Aug',26.5,'C',68,'Sunny','2025-10-03 02:01:49','2025-10-03 02:01:49'),(189,16,'Sep',27,'C',70,'Sunny','2025-10-03 02:01:49','2025-10-03 02:01:49'),(190,16,'Oct',28,'C',72,'Sunny','2025-10-03 02:01:49','2025-10-03 02:01:49'),(191,16,'Nov',28.5,'C',75,'Rainy','2025-10-03 02:01:49','2025-10-03 02:01:49'),(192,16,'Dec',29,'C',77,'Rainy','2025-10-03 02:01:49','2025-10-03 02:01:49'),(193,17,'Jan',28.5,'C',72,'Sunny','2025-10-03 02:01:49','2025-10-03 02:01:49'),(194,17,'Feb',29,'C',72,'Sunny','2025-10-03 02:01:49','2025-10-03 02:01:49'),(195,17,'Mar',29.5,'C',73,'Sunny','2025-10-03 02:01:49','2025-10-03 02:01:49'),(196,17,'Apr',30,'C',75,'Sunny','2025-10-03 02:01:49','2025-10-03 02:01:49'),(197,17,'May',30.5,'C',80,'Rainy','2025-10-03 02:01:49','2025-10-03 02:01:49'),(198,17,'Jun',30.5,'C',82,'Rainy','2025-10-03 02:01:49','2025-10-03 02:01:49'),(199,17,'Jul',30,'C',82,'Rainy','2025-10-03 02:01:49','2025-10-03 02:01:49'),(200,17,'Aug',29.8,'C',83,'Rainy','2025-10-03 02:01:49','2025-10-03 02:01:49'),(201,17,'Sep',29.5,'C',82,'Rainy','2025-10-03 02:01:49','2025-10-03 02:01:49'),(202,17,'Oct',29,'C',80,'Rainy','2025-10-03 02:01:49','2025-10-03 02:01:49'),(203,17,'Nov',28.7,'C',78,'Sunny','2025-10-03 02:01:49','2025-10-03 02:01:49'),(204,17,'Dec',28.5,'C',75,'Sunny','2025-10-03 02:01:49','2025-10-03 02:01:49'),(205,18,'Jan',26,'C',70,'Sunny','2025-10-03 02:01:49','2025-10-03 02:01:49'),(206,18,'Feb',26,'C',72,'Sunny','2025-10-03 02:01:49','2025-10-03 02:01:49'),(207,18,'Mar',25,'C',72,'Sunny','2025-10-03 02:01:49','2025-10-03 02:01:49'),(208,18,'Apr',22,'C',68,'Sunny','2025-10-03 02:01:49','2025-10-03 02:01:49'),(209,18,'May',19,'C',65,'Cloudy','2025-10-03 02:01:49','2025-10-03 02:01:49'),(210,18,'Jun',17,'C',65,'Cloudy','2025-10-03 02:01:49','2025-10-03 02:01:49'),(211,18,'Jul',16.5,'C',64,'Cloudy','2025-10-03 02:01:49','2025-10-03 02:01:49'),(212,18,'Aug',17,'C',64,'Cloudy','2025-10-03 02:01:49','2025-10-03 02:01:49'),(213,18,'Sep',19,'C',66,'Sunny','2025-10-03 02:01:49','2025-10-03 02:01:49'),(214,18,'Oct',21,'C',68,'Sunny','2025-10-03 02:01:49','2025-10-03 02:01:49'),(215,18,'Nov',23,'C',70,'Sunny','2025-10-03 02:01:49','2025-10-03 02:01:49'),(216,18,'Dec',25,'C',71,'Sunny','2025-10-03 02:01:49','2025-10-03 02:01:49'),(217,19,'Jan',12,'C',65,'Cloudy','2025-10-03 02:01:49','2025-10-03 02:01:49'),(218,19,'Feb',12.5,'C',64,'Cloudy','2025-10-03 02:01:49','2025-10-03 02:01:49'),(219,19,'Mar',15,'C',60,'Cloudy','2025-10-03 02:01:49','2025-10-03 02:01:49'),(220,19,'Apr',18,'C',58,'Sunny','2025-10-03 02:01:49','2025-10-03 02:01:49'),(221,19,'May',21,'C',56,'Sunny','2025-10-03 02:01:49','2025-10-03 02:01:49'),(222,19,'Jun',25,'C',55,'Sunny','2025-10-03 02:01:49','2025-10-03 02:01:49'),(223,19,'Jul',28,'C',52,'Hot','2025-10-03 02:01:49','2025-10-03 02:01:49'),(224,19,'Aug',28.5,'C',52,'Hot','2025-10-03 02:01:49','2025-10-03 02:01:49'),(225,19,'Sep',25,'C',55,'Sunny','2025-10-03 02:01:49','2025-10-03 02:01:49'),(226,19,'Oct',21,'C',58,'Cloudy','2025-10-03 02:01:49','2025-10-03 02:01:49'),(227,19,'Nov',17,'C',62,'Cloudy','2025-10-03 02:01:49','2025-10-03 02:01:49'),(228,19,'Dec',13.5,'C',64,'Cloudy','2025-10-03 02:01:49','2025-10-03 02:01:49'),(229,20,'Jan',23,'C',72,'Rainy','2025-10-03 02:01:49','2025-10-03 02:01:49'),(230,20,'Feb',23.5,'C',72,'Rainy','2025-10-03 02:01:49','2025-10-03 02:01:49'),(231,20,'Mar',24,'C',72,'Rainy','2025-10-03 02:01:49','2025-10-03 02:01:49'),(232,20,'Apr',24.5,'C',70,'Sunny','2025-10-03 02:01:49','2025-10-03 02:01:49'),(233,20,'May',25,'C',68,'Sunny','2025-10-03 02:01:49','2025-10-03 02:01:49'),(234,20,'Jun',26,'C',66,'Sunny','2025-10-03 02:01:49','2025-10-03 02:01:49'),(235,20,'Jul',27,'C',65,'Sunny','2025-10-03 02:01:49','2025-10-03 02:01:49'),(236,20,'Aug',27,'C',65,'Sunny','2025-10-03 02:01:49','2025-10-03 02:01:49'),(237,20,'Sep',26.5,'C',66,'Sunny','2025-10-03 02:01:49','2025-10-03 02:01:49'),(238,20,'Oct',25.5,'C',68,'Sunny','2025-10-03 02:01:49','2025-10-03 02:01:49'),(239,20,'Nov',24,'C',70,'Cloudy','2025-10-03 02:01:49','2025-10-03 02:01:49'),(240,20,'Dec',23.5,'C',71,'Rainy','2025-10-03 02:01:49','2025-10-03 02:01:49'),(241,21,'Jan',-1,'C',75,'Snowy','2025-10-03 02:01:49','2025-10-03 02:01:49'),(242,21,'Feb',1,'C',70,'Snowy','2025-10-03 02:01:49','2025-10-03 02:01:49'),(243,21,'Mar',6,'C',68,'Cool','2025-10-03 02:01:49','2025-10-03 02:01:49'),(244,21,'Apr',10,'C',65,'Rainy','2025-10-03 02:01:49','2025-10-03 02:01:49'),(245,21,'May',15,'C',70,'Cloudy','2025-10-03 02:01:49','2025-10-03 02:01:49'),(246,21,'Jun',18,'C',72,'Sunny','2025-10-03 02:01:49','2025-10-03 02:01:49'),(247,21,'Jul',20,'C',75,'Sunny','2025-10-03 02:01:49','2025-10-03 02:01:49'),(248,21,'Aug',19,'C',78,'Rainy','2025-10-03 02:01:49','2025-10-03 02:01:49'),(249,21,'Sep',15,'C',70,'Cloudy','2025-10-03 02:01:49','2025-10-03 02:01:49'),(250,21,'Oct',10,'C',68,'Cool','2025-10-03 02:01:49','2025-10-03 02:01:49'),(251,21,'Nov',4,'C',72,'Foggy','2025-10-03 02:01:49','2025-10-03 02:01:49'),(252,21,'Dec',0,'C',74,'Snowy','2025-10-03 02:01:49','2025-10-03 02:01:49'),(253,22,'Jan',18,'C',65,'Sunny','2025-10-03 02:01:49','2025-10-03 02:01:49'),(254,22,'Feb',17,'C',68,'Sunny','2025-10-03 02:01:49','2025-10-03 02:01:49'),(255,22,'Mar',15,'C',70,'Cloudy','2025-10-03 02:01:49','2025-10-03 02:01:49'),(256,22,'Apr',11,'C',72,'Rainy','2025-10-03 02:01:49','2025-10-03 02:01:49'),(257,22,'May',7,'C',75,'Cool','2025-10-03 02:01:49','2025-10-03 02:01:49'),(258,22,'Jun',4,'C',80,'Snowy','2025-10-03 02:01:49','2025-10-03 02:01:49'),(259,22,'Jul',3,'C',82,'Snowy','2025-10-03 02:01:49','2025-10-03 02:01:49'),(260,22,'Aug',5,'C',80,'Snowy','2025-10-03 02:01:49','2025-10-03 02:01:49'),(261,22,'Sep',9,'C',75,'Cool','2025-10-03 02:01:49','2025-10-03 02:01:49'),(262,22,'Oct',12,'C',70,'Cloudy','2025-10-03 02:01:49','2025-10-03 02:01:49'),(263,22,'Nov',15,'C',68,'Sunny','2025-10-03 02:01:49','2025-10-03 02:01:49'),(264,22,'Dec',17,'C',65,'Sunny','2025-10-03 02:01:49','2025-10-03 02:01:49'),(265,23,'Jan',-10,'C',70,'Snowy','2025-10-03 02:01:49','2025-10-03 02:01:49'),(266,23,'Feb',-8,'C',68,'Snowy','2025-10-03 02:01:49','2025-10-03 02:01:49'),(267,23,'Mar',-2,'C',65,'Snowy','2025-10-03 02:01:49','2025-10-03 02:01:49'),(268,23,'Apr',4,'C',60,'Cool','2025-10-03 02:01:49','2025-10-03 02:01:49'),(269,23,'May',10,'C',62,'Cloudy','2025-10-03 02:01:49','2025-10-03 02:01:49'),(270,23,'Jun',15,'C',65,'Sunny','2025-10-03 02:01:49','2025-10-03 02:01:49'),(271,23,'Jul',18,'C',67,'Sunny','2025-10-03 02:01:49','2025-10-03 02:01:49'),(272,23,'Aug',17,'C',68,'Rainy','2025-10-03 02:01:49','2025-10-03 02:01:49'),(273,23,'Sep',12,'C',65,'Cloudy','2025-10-03 02:01:49','2025-10-03 02:01:49'),(274,23,'Oct',6,'C',68,'Cool','2025-10-03 02:01:49','2025-10-03 02:01:49'),(275,23,'Nov',-2,'C',70,'Snowy','2025-10-03 02:01:49','2025-10-03 02:01:49'),(276,23,'Dec',-8,'C',72,'Snowy','2025-10-03 02:01:49','2025-10-03 02:01:49'),(277,24,'Jan',12,'C',65,'Sunny','2025-10-03 02:01:49','2025-10-03 02:01:49'),(278,24,'Feb',14,'C',65,'Sunny','2025-10-03 02:01:49','2025-10-03 02:01:49'),(279,24,'Mar',18,'C',70,'Cloudy','2025-10-03 02:01:49','2025-10-03 02:01:49'),(280,24,'Apr',22,'C',72,'Rainy','2025-10-03 02:01:49','2025-10-03 02:01:49'),(281,24,'May',25,'C',78,'Humid','2025-10-03 02:01:49','2025-10-03 02:01:49'),(282,24,'Jun',27,'C',85,'Rainy','2025-10-03 02:01:49','2025-10-03 02:01:49'),(283,24,'Jul',28,'C',88,'Stormy','2025-10-03 02:01:49','2025-10-03 02:01:49'),(284,24,'Aug',27,'C',87,'Rainy','2025-10-03 02:01:49','2025-10-03 02:01:49'),(285,24,'Sep',26,'C',82,'Humid','2025-10-03 02:01:49','2025-10-03 02:01:49'),(286,24,'Oct',22,'C',75,'Sunny','2025-10-03 02:01:49','2025-10-03 02:01:49'),(287,24,'Nov',18,'C',70,'Cool','2025-10-03 02:01:49','2025-10-03 02:01:49'),(288,24,'Dec',14,'C',68,'Sunny','2025-10-03 02:01:49','2025-10-03 02:01:49'),(301,26,'Jan',-2,'C',82,'Snowy','2025-10-03 02:01:49','2025-10-03 02:01:49'),(302,26,'Feb',0,'C',80,'Snowy','2025-10-03 02:01:49','2025-10-03 02:01:49'),(303,26,'Mar',4,'C',75,'Cool','2025-10-03 02:01:49','2025-10-03 02:01:49'),(304,26,'Apr',8,'C',70,'Cool','2025-10-03 02:01:49','2025-10-03 02:01:49'),(305,26,'May',13,'C',68,'Sunny','2025-10-03 02:01:49','2025-10-03 02:01:49'),(306,26,'Jun',17,'C',66,'Sunny','2025-10-03 02:01:49','2025-10-03 02:01:49'),(307,26,'Jul',20,'C',65,'Sunny','2025-10-03 02:01:49','2025-10-03 02:01:49'),(308,26,'Aug',19,'C',67,'Sunny','2025-10-03 02:01:49','2025-10-03 02:01:49'),(309,26,'Sep',15,'C',70,'Cloudy','2025-10-03 02:01:49','2025-10-03 02:01:49'),(310,26,'Oct',10,'C',74,'Cloudy','2025-10-03 02:01:49','2025-10-03 02:01:49'),(311,26,'Nov',4,'C',78,'Snowy','2025-10-03 02:01:49','2025-10-03 02:01:49'),(312,26,'Dec',0,'C',81,'Snowy','2025-10-03 02:01:49','2025-10-03 02:01:49'),(313,27,'Jan',12,'C',82,'Rainy','2025-10-03 02:01:49','2025-10-03 02:01:49'),(314,27,'Feb',12.5,'C',80,'Rainy','2025-10-03 02:01:49','2025-10-03 02:01:49'),(315,27,'Mar',13,'C',78,'Rainy','2025-10-03 02:01:49','2025-10-03 02:01:49'),(316,27,'Apr',13.5,'C',70,'Sunny','2025-10-03 02:01:49','2025-10-03 02:01:49'),(317,27,'May',12,'C',65,'Dry','2025-10-03 02:01:49','2025-10-03 02:01:49'),(318,27,'Jun',11,'C',60,'Dry','2025-10-03 02:01:49','2025-10-03 02:01:49'),(319,27,'Jul',11,'C',58,'Dry','2025-10-03 02:01:49','2025-10-03 02:01:49'),(320,27,'Aug',12,'C',60,'Dry','2025-10-03 02:01:49','2025-10-03 02:01:49'),(321,27,'Sep',13,'C',65,'Sunny','2025-10-03 02:01:49','2025-10-03 02:01:49'),(322,27,'Oct',14,'C',70,'Cloudy','2025-10-03 02:01:49','2025-10-03 02:01:49'),(323,27,'Nov',14,'C',75,'Rainy','2025-10-03 02:01:49','2025-10-03 02:01:49'),(324,27,'Dec',13,'C',80,'Rainy','2025-10-03 02:01:49','2025-10-03 02:01:49'),(325,28,'Jan',-5,'C',83,'Snowy','2025-10-03 02:01:49','2025-10-03 02:01:49'),(326,28,'Feb',-3,'C',80,'Snowy','2025-10-03 02:01:49','2025-10-03 02:01:49'),(327,28,'Mar',1,'C',75,'Snowy','2025-10-03 02:01:49','2025-10-03 02:01:49'),(328,28,'Apr',5,'C',70,'Cool','2025-10-03 02:01:49','2025-10-03 02:01:49'),(329,28,'May',10,'C',68,'Sunny','2025-10-03 02:01:49','2025-10-03 02:01:49'),(330,28,'Jun',14,'C',65,'Sunny','2025-10-03 02:01:49','2025-10-03 02:01:49'),(331,28,'Jul',17,'C',63,'Sunny','2025-10-03 02:01:49','2025-10-03 02:01:49'),(332,28,'Aug',16,'C',65,'Sunny','2025-10-03 02:01:49','2025-10-03 02:01:49'),(333,28,'Sep',12,'C',68,'Cloudy','2025-10-03 02:01:49','2025-10-03 02:01:49'),(334,28,'Oct',7,'C',73,'Cloudy','2025-10-03 02:01:49','2025-10-03 02:01:49'),(335,28,'Nov',1,'C',78,'Snowy','2025-10-03 02:01:49','2025-10-03 02:01:49'),(336,28,'Dec',-3,'C',82,'Snowy','2025-10-03 02:01:49','2025-10-03 02:01:49'),(337,29,'Jan',-7,'C',80,'Snowy','2025-10-03 02:01:49','2025-10-03 02:01:49'),(338,29,'Feb',-5,'C',78,'Snowy','2025-10-03 02:01:49','2025-10-03 02:01:49'),(339,29,'Mar',-1,'C',72,'Snowy','2025-10-03 02:01:49','2025-10-03 02:01:49'),(340,29,'Apr',5,'C',65,'Cool','2025-10-03 02:01:49','2025-10-03 02:01:49'),(341,29,'May',10,'C',60,'Sunny','2025-10-03 02:01:49','2025-10-03 02:01:49'),(342,29,'Jun',15,'C',55,'Sunny','2025-10-03 02:01:49','2025-10-03 02:01:49'),(343,29,'Jul',20,'C',50,'Sunny','2025-10-03 02:01:49','2025-10-03 02:01:49'),(344,29,'Aug',19,'C',52,'Sunny','2025-10-03 02:01:49','2025-10-03 02:01:49'),(345,29,'Sep',14,'C',58,'Cool','2025-10-03 02:01:49','2025-10-03 02:01:49'),(346,29,'Oct',8,'C',65,'Cool','2025-10-03 02:01:49','2025-10-03 02:01:49'),(347,29,'Nov',0,'C',75,'Snowy','2025-10-03 02:01:49','2025-10-03 02:01:49'),(348,29,'Dec',-5,'C',80,'Snowy','2025-10-03 02:01:49','2025-10-03 02:01:49'),(349,30,'Jan',-10,'C',40,'Snowy','2025-10-03 02:01:49','2025-10-03 02:01:49'),(350,30,'Feb',-7,'C',42,'Snowy','2025-10-03 02:01:49','2025-10-03 02:01:49'),(351,30,'Mar',-2,'C',45,'Cool','2025-10-03 02:01:49','2025-10-03 02:01:49'),(352,30,'Apr',5,'C',50,'Cool','2025-10-03 02:01:49','2025-10-03 02:01:49'),(353,30,'May',10,'C',48,'Sunny','2025-10-03 02:01:49','2025-10-03 02:01:49'),(354,30,'Jun',15,'C',46,'Sunny','2025-10-03 02:01:49','2025-10-03 02:01:49'),(355,30,'Jul',17,'C',60,'Rainy','2025-10-03 02:01:49','2025-10-03 02:01:49'),(356,30,'Aug',16,'C',62,'Rainy','2025-10-03 02:01:49','2025-10-03 02:01:49'),(357,30,'Sep',12,'C',50,'Cool','2025-10-03 02:01:49','2025-10-03 02:01:49'),(358,30,'Oct',6,'C',48,'Cool','2025-10-03 02:01:49','2025-10-03 02:01:49'),(359,30,'Nov',-1,'C',45,'Snowy','2025-10-03 02:01:49','2025-10-03 02:01:49'),(360,30,'Dec',-7,'C',42,'Snowy','2025-10-03 02:01:49','2025-10-03 02:01:49');
/*!40000 ALTER TABLE `weather` ENABLE KEYS */;
UNLOCK TABLES;
/*!40103 SET TIME_ZONE=@OLD_TIME_ZONE */;

/*!40101 SET SQL_MODE=@OLD_SQL_MODE */;
/*!40014 SET FOREIGN_KEY_CHECKS=@OLD_FOREIGN_KEY_CHECKS */;
/*!40014 SET UNIQUE_CHECKS=@OLD_UNIQUE_CHECKS */;
/*!40101 SET CHARACTER_SET_CLIENT=@OLD_CHARACTER_SET_CLIENT */;
/*!40101 SET CHARACTER_SET_RESULTS=@OLD_CHARACTER_SET_RESULTS */;
/*!40101 SET COLLATION_CONNECTION=@OLD_COLLATION_CONNECTION */;
/*!40111 SET SQL_NOTES=@OLD_SQL_NOTES */;

-- Dump completed on 2026-01-31  2:06:37
